Workbook

Sheet Competencias_actuales
B1: Competencias actuales del laboratorio
A2: =VALUE(LEFT(F4,FIND(" - ",F4)-1)) -> 797
D3: Nombre del Curso | F3: =IFERROR(__xludf.DUMMYFUNCTION("VLOOKUP(A2,IMPORTRANGE(""1j2lHEvOoZ_EPY086Qt7f7AFaZGVfiYKJxXlsnNfWCA0"", ""Listado Cursos!$A$2:$H$100""),2,FALSE)"),"Seminario de Sistemas 1") -> Seminario de Sistemas 1
D4: Código del Curso | F4: 797 - Seminario de Sistemas 1
D5: Semestre | F5: =IFERROR(__xludf.DUMMYFUNCTION("VLOOKUP(A2,IMPORTRANGE(""1j2lHEvOoZ_EPY086Qt7f7AFaZGVfiYKJxXlsnNfWCA0"", ""Listado Cursos!A:G""),4,FALSE)"),8.0) -> 8
D6: Área de Conocimiento | F6: =IFERROR(__xludf.DUMMYFUNCTION("VLOOKUP(A2,IMPORTRANGE(""1j2lHEvOoZ_EPY086Qt7f7AFaZGVfiYKJxXlsnNfWCA0"", ""Listado Cursos!A:G""),6,FALSE)"),"Sistemas") -> Sistemas
D7: Cantidad de Creditos | F7: =IFERROR(__xludf.DUMMYFUNCTION("VLOOKUP(A2,IMPORTRANGE(""1j2lHEvOoZ_EPY086Qt7f7AFaZGVfiYKJxXlsnNfWCA0"", ""Listado Cursos!A:G""),3,FALSE)"),5.0) -> 5
D8: Horas de aprendizaje | F8: 4
B11: Descripción del Contexto
B13: Que cursos prerrequisito tiene | F13: Cursos que lleva en el mismo semestre | J13: Qué cursos posteriores dependen de este
B14: No. | C14: Codigo | D14: Nombre | F14: No. | G14: Codigo | H14: Nombre | J14: No. | K14: Codigo | L14: Nombre
B15: 1 | C15: =IFERROR(__xludf.DUMMYFUNCTION("ARRAYFORMULA(TRANSPOSE(SPLIT(FILTER(IMPORTRANGE(""1j2lHEvOoZ_EPY086Qt7f7AFaZGVfiYKJxXlsnNfWCA0"", ""Listado Cursos!E:E""), IMPORTRANGE(""1j2lHEvOoZ_EPY086Qt7f7AFaZGVfiYKJxXlsnNfWCA0"", ""Listado Cursos!A:A"")=A2), "","")))"),281.0) -> 281 | D15: =IFERROR(__xludf.DUMMYFUNCTION("IF(C15="""","""",VLOOKUP(C15,IMPORTRANGE(""1j2lHEvOoZ_EPY086Qt7f7AFaZGVfiYKJxXlsnNfWCA0"", ""Listado Cursos!A:B""),2,FALSE))"),"Sistemas Operativos 1") -> Sistemas Operativos 1 | F15: 1 | G15: =IFERROR(__xludf.DUMMYFUNCTION("FILTER(IMPORTRANGE(""1j2lHEvOoZ_EPY086Qt7f7AFaZGVfiYKJxXlsnNfWCA0"", ""Listado Cursos!A:B""),IMPORTRANGE(""1j2lHEvOoZ_EPY086Qt7f7AFaZGVfiYKJxXlsnNfWCA0"", ""Listado Cursos!D:D"")=F5,IMPORTRANGE(""1j2lHEvOoZ_EPY086Qt7f7AFaZGVfiYKJxXlsnNfWCA0"", ""Listado C"&"ursos!A:A"")<>150)"),285.0) -> 285 | H15: =IFERROR(__xludf.DUMMYFUNCTION("""COMPUTED_VALUE"""),"Sistemas Operativos 2") -> Sistemas Operativos 2 | J15: 1 | K15: =IFERROR(__xludf.DUMMYFUNCTION("FILTER(IMPORTRANGE(""1j2lHEvOoZ_EPY086Qt7f7AFaZGVfiYKJxXlsnNfWCA0"", ""Listado Cursos!A:B""), ISNUMBER(SEARCH(A2, IMPORTRANGE(""1j2lHEvOoZ_EPY086Qt7f7AFaZGVfiYKJxXlsnNfWCA0"", ""Listado Cursos!E:E""))))"),798.0) -> 798 | L15: =IFERROR(__xludf.DUMMYFUNCTION("""COMPUTED_VALUE"""),"Seminario de Sistemas 2") -> Seminario de Sistemas 2
B16: 2 | C16: =IFERROR(__xludf.DUMMYFUNCTION("""COMPUTED_VALUE"""),724.0) -> 724 | D16: =IFERROR(__xludf.DUMMYFUNCTION("IF(C16="""","""",VLOOKUP(C16,IMPORTRANGE(""1j2lHEvOoZ_EPY086Qt7f7AFaZGVfiYKJxXlsnNfWCA0"", ""Listado Cursos!A:B""),2,FALSE))"),"Teoría de Sistemas 2") -> Teoría de Sistemas 2 | F16: 2 | G16: =IFERROR(__xludf.DUMMYFUNCTION("""COMPUTED_VALUE"""),975.0) -> 975 | H16: =IFERROR(__xludf.DUMMYFUNCTION("""COMPUTED_VALUE"""),"Redes de Computadoras 2") -> Redes de Computadoras 2 | J16: 2
B17: 3 | C17: =IFERROR(__xludf.DUMMYFUNCTION("""COMPUTED_VALUE"""),774.0) -> 774 | D17: =IFERROR(__xludf.DUMMYFUNCTION("IF(C17="""","""",VLOOKUP(C17,IMPORTRANGE(""1j2lHEvOoZ_EPY086Qt7f7AFaZGVfiYKJxXlsnNfWCA0"", ""Listado Cursos!A:B""),2,FALSE))"),"Sistemas de Bases de Datos 1") -> Sistemas de Bases de Datos 1 | F17: 3 | G17: =IFERROR(__xludf.DUMMYFUNCTION("""COMPUTED_VALUE"""),775.0) -> 775 | H17: =IFERROR(__xludf.DUMMYFUNCTION("""COMPUTED_VALUE"""),"Sistemas de Bases de Datos 2") -> Sistemas de Bases de Datos 2 | J17: 3
B18: 4 | D18: =IFERROR(__xludf.DUMMYFUNCTION("IF(C18="""","""",VLOOKUP(C18,IMPORTRANGE(""1j2lHEvOoZ_EPY086Qt7f7AFaZGVfiYKJxXlsnNfWCA0"", ""Listado Cursos!A:B""),2,FALSE))"),"") | F18: 4 | G18: =IFERROR(__xludf.DUMMYFUNCTION("""COMPUTED_VALUE"""),283.0) -> 283 | H18: =IFERROR(__xludf.DUMMYFUNCTION("""COMPUTED_VALUE"""),"Análisis y Diseño de Sistemas 1") -> Análisis y Diseño de Sistemas 1 | J18: 4
B19: 5 | D19: =IFERROR(__xludf.DUMMYFUNCTION("IF(C19="""","""",VLOOKUP(C19,IMPORTRANGE(""1j2lHEvOoZ_EPY086Qt7f7AFaZGVfiYKJxXlsnNfWCA0"", ""Listado Cursos!A:B""),2,FALSE))"),"") | F19: 5 | G19: =IFERROR(__xludf.DUMMYFUNCTION("""COMPUTED_VALUE"""),797.0) -> 797 | H19: =IFERROR(__xludf.DUMMYFUNCTION("""COMPUTED_VALUE"""),"Seminario de Sistemas 1") -> Seminario de Sistemas 1 | J19: 5
B20: 6 | D20: =IFERROR(__xludf.DUMMYFUNCTION("IF(C20="""","""",VLOOKUP(C20,IMPORTRANGE(""1j2lHEvOoZ_EPY086Qt7f7AFaZGVfiYKJxXlsnNfWCA0"", ""Listado Cursos!A:B""),2,FALSE))"),"") | F20: 6 | G20: =IFERROR(__xludf.DUMMYFUNCTION("""COMPUTED_VALUE"""),700.0) -> 700 | H20: =IFERROR(__xludf.DUMMYFUNCTION("""COMPUTED_VALUE"""),"Ingeniería Económica 1") -> Ingeniería Económica 1 | J20: 6
B21: 7 | D21: =IFERROR(__xludf.DUMMYFUNCTION("IF(C21="""","""",VLOOKUP(C21,IMPORTRANGE(""1j2lHEvOoZ_EPY086Qt7f7AFaZGVfiYKJxXlsnNfWCA0"", ""Listado Cursos!A:B""),2,FALSE))"),"") | F21: 7 | J21: 7
B22: 8 | D22: =IFERROR(__xludf.DUMMYFUNCTION("IF(C22="""","""",VLOOKUP(C22,IMPORTRANGE(""1j2lHEvOoZ_EPY086Qt7f7AFaZGVfiYKJxXlsnNfWCA0"", ""Listado Cursos!A:B""),2,FALSE))"),"") | F22: 8 | J22: 8
B23: 9 | D23: =IFERROR(__xludf.DUMMYFUNCTION("IF(C23="""","""",VLOOKUP(C23,IMPORTRANGE(""1j2lHEvOoZ_EPY086Qt7f7AFaZGVfiYKJxXlsnNfWCA0"", ""Listado Cursos!A:B""),2,FALSE))"),"") | F23: 9 | J23: 9
B24: 10 | D24: =IFERROR(__xludf.DUMMYFUNCTION("IF(C24="""","""",VLOOKUP(C24,IMPORTRANGE(""1j2lHEvOoZ_EPY086Qt7f7AFaZGVfiYKJxXlsnNfWCA0"", ""Listado Cursos!A:B""),2,FALSE))"),"") | F24: 10 | J24: 10
B25: 11 | D25: =IFERROR(__xludf.DUMMYFUNCTION("IF(C25="""","""",VLOOKUP(C25,IMPORTRANGE(""1j2lHEvOoZ_EPY086Qt7f7AFaZGVfiYKJxXlsnNfWCA0"", ""Listado Cursos!A:B""),2,FALSE))"),"") | F25: 11 | J25: 11
B26: 12 | D26: =IFERROR(__xludf.DUMMYFUNCTION("IF(C26="""","""",VLOOKUP(C26,IMPORTRANGE(""1j2lHEvOoZ_EPY086Qt7f7AFaZGVfiYKJxXlsnNfWCA0"", ""Listado Cursos!A:B""),2,FALSE))"),"") | F26: 12 | J26: 12
B27: 13 | D27: =IFERROR(__xludf.DUMMYFUNCTION("IF(C27="""","""",VLOOKUP(C27,IMPORTRANGE(""1j2lHEvOoZ_EPY086Qt7f7AFaZGVfiYKJxXlsnNfWCA0"", ""Listado Cursos!A:B""),2,FALSE))"),"") | F27: 13 | J27: 13
B28: 14 | D28: =IFERROR(__xludf.DUMMYFUNCTION("IF(C28="""","""",VLOOKUP(C28,IMPORTRANGE(""1j2lHEvOoZ_EPY086Qt7f7AFaZGVfiYKJxXlsnNfWCA0"", ""Listado Cursos!A:B""),2,FALSE))"),"") | F28: 14 | J28: 14
B31: Competencias Actuales
B33: No. | C33: Tipo | D33: Competencia | L33: Nivel de la Taxonomina
B34: =IFERROR(__xludf.DUMMYFUNCTION("FILTER(METADA!D2:D17, ISEVEN(ROW(METADA!D2:D17)))"),1.0) -> 1 | C34: =IFERROR(__xludf.DUMMYFUNCTION("FILTER(METADA!E2:E17, ISEVEN(ROW(METADA!E2:E17)))"),"Especifica") -> Especifica | D34: =IFERROR(__xludf.DUMMYFUNCTION("FILTER(METADA!E2:E17, ISODD(ROW(METADA!E2:E17)))"),"Explica el concepto de Cloud Computing, sus modelos de servicio y las ventajas y limitaciones de distintos proveedores Cloud mediante ejemplos cotidianos, casos de uso empresarial y comparativas para el desarrollo de infraestructuras escalables y rentab"&"les. ") -> Explica el concepto de Cloud Computing, sus modelos de servicio y las ventajas y limitaciones de distintos proveedores Cloud mediante ejemplos cotidianos, casos de uso empresarial y comparativas para el desarrollo de infraestructuras escalables y rentables. | L34: =IFERROR(__xludf.DUMMYFUNCTION("FILTER(METADA!L2:L17, ISEVEN(ROW(METADA!L2:L17)))"),"Comprender") -> Comprender
B35: =IFERROR(__xludf.DUMMYFUNCTION("""COMPUTED_VALUE"""),2.0) -> 2 | C35: =IFERROR(__xludf.DUMMYFUNCTION("""COMPUTED_VALUE"""),"Especifica") -> Especifica | D35: =IFERROR(__xludf.DUMMYFUNCTION("""COMPUTED_VALUE"""),"Implementa servicios básicos de Cloud utilizando Amazon EC2, Amazon RDS, Amazon S3, Azure Virtual Machines, Azure SQL, Azure Blob Storage, Azure App Services y Azure Logic Apps para desplegar aplicaciones básicas, considerando la configuración de redes, s"&"eguridad y escalabilidad. ") -> Implementa servicios básicos de Cloud utilizando Amazon EC2, Amazon RDS, Amazon S3, Azure Virtual Machines, Azure SQL, Azure Blob Storage, Azure App Services y Azure Logic Apps para desplegar aplicaciones básicas, considerando la configuración de redes, seguridad y escalabilidad. | L35: =IFERROR(__xludf.DUMMYFUNCTION("""COMPUTED_VALUE"""),"Aplicar") -> Aplicar
B36: =IFERROR(__xludf.DUMMYFUNCTION("""COMPUTED_VALUE"""),3.0) -> 3 | C36: =IFERROR(__xludf.DUMMYFUNCTION("""COMPUTED_VALUE"""),"Especifica") -> Especifica | D36: =IFERROR(__xludf.DUMMYFUNCTION("""COMPUTED_VALUE"""),"Desarrolla aplicaciones serverless simples utilizando AWS Lambda y Azure Functions para procesar eventos y ejecutar la lógica de los negocios ") -> Desarrolla aplicaciones serverless simples utilizando AWS Lambda y Azure Functions para procesar eventos y ejecutar la lógica de los negocios | L36: =IFERROR(__xludf.DUMMYFUNCTION("""COMPUTED_VALUE"""),"Aplicar") -> Aplicar
B37: =IFERROR(__xludf.DUMMYFUNCTION("""COMPUTED_VALUE"""),4.0) -> 4 | C37: =IFERROR(__xludf.DUMMYFUNCTION("""COMPUTED_VALUE"""),"Especifica") -> Especifica | D37: =IFERROR(__xludf.DUMMYFUNCTION("""COMPUTED_VALUE"""),"Implementa servicios de inteligencia artificial utilizando IA de AWS y Azure Cognitive Services para resolver problemas de lenguaje natrual, análisis de imagenes o chabots. ") -> Implementa servicios de inteligencia artificial utilizando IA de AWS y Azure Cognitive Services para resolver problemas de lenguaje natrual, análisis de imagenes o chabots. | L37: =IFERROR(__xludf.DUMMYFUNCTION("""COMPUTED_VALUE"""),"Crear") -> Crear
B38: =IFERROR(__xludf.DUMMYFUNCTION("""COMPUTED_VALUE"""),5.0) -> 5 | C38: =IFERROR(__xludf.DUMMYFUNCTION("""COMPUTED_VALUE"""),"Especifica") -> Especifica | D38: =IFERROR(__xludf.DUMMYFUNCTION("""COMPUTED_VALUE"""),"Desarrolla aplicaciones low-code utilizando Power Automate y Power appas para integrar sistemas, flujos de trabajo y datos. ") -> Desarrolla aplicaciones low-code utilizando Power Automate y Power appas para integrar sistemas, flujos de trabajo y datos. | L38: =IFERROR(__xludf.DUMMYFUNCTION("""COMPUTED_VALUE"""),"Aplicar") -> Aplicar
B39: =IFERROR(__xludf.DUMMYFUNCTION("""COMPUTED_VALUE"""),6.0) -> 6 | C39: =IFERROR(__xludf.DUMMYFUNCTION("""COMPUTED_VALUE"""),"Especifica") -> Especifica | D39: =IFERROR(__xludf.DUMMYFUNCTION("""COMPUTED_VALUE"""),"Empaqueta aplicaciones en contenedores utilizando Docker para garantizar portabilidad y consistencia entre entornos de desarrollo, pruebas y producción. ") -> Empaqueta aplicaciones en contenedores utilizando Docker para garantizar portabilidad y consistencia entre entornos de desarrollo, pruebas y producción. | L39: =IFERROR(__xludf.DUMMYFUNCTION("""COMPUTED_VALUE"""),"Aplicar") -> Aplicar
B40: =IFERROR(__xludf.DUMMYFUNCTION("""COMPUTED_VALUE"""),7.0) -> 7 | C40: =IFERROR(__xludf.DUMMYFUNCTION("""COMPUTED_VALUE"""),"General") -> General | D40: =IFERROR(__xludf.DUMMYFUNCTION("""COMPUTED_VALUE"""),"Aplica principios básicos de ingeniería a través de conceptos de Cloud Computing para el desarrollo de aplicaciones básicas ") -> Aplica principios básicos de ingeniería a través de conceptos de Cloud Computing para el desarrollo de aplicaciones básicas | L40: =IFERROR(__xludf.DUMMYFUNCTION("""COMPUTED_VALUE"""),"Aplicar") -> Aplicar

Sheet Referentes Internacionales
B1: Identificación de referentes internacionales
B3: Nombre del Curso | C3: =Competencias_actuales!F3 -> Seminario de Sistemas 1
B4: Codigo del Curso | C4: 797
B6: 1. Universidad Refente
B7: Analiza cursos similares en universidades internacionales reconocidas (como MIT, Stanford o ETH Zurich) para comparar temas, herramientas y competencias. Esto permite identificar buenas prácticas y alinear el laboratorio con tendencias globales en educación tecnológica.
B9: Nombre de la Universidad | C9: Columbia University
B10: Nombre del Curso | C10: W4153 Cloud Computing
B11: Fuente de Información | C11: https://donald-f-ferguson.github.io/W4153-Cloud-Computing-Base/ https://doc.sis.columbia.edu/subj/COMS/W4153-20243-001
B13: Temas relacionados al laboratorio que se imparte
B14: Infrastructure-as-a-Service, Container-as-a-Service, Platform-as-a-Service, Function-as-a-Service, API-as-a-Service (OpenAPI), Software-as-a-Service, Bases de datos en la nube y almacenamiento en la nube, Multi-tenant applications, Microservices, REST, GraphQL, OpenID, OAuth2, cloud identity and access management, Gestión de nube y aplicaciones, monitoreo y operaciones, Continuous integration/continuous delivery, Service, application and infrastructure integration and orchestration, Architecture, software and cloud design patterns and best practices.
B17: Herramientas utilizadas relacionados al laboratorio que se imparte
B18: AWS, Microsoft Azure Services y Google Cloud Platform Services
B21: Competencia(s) relacionada(s) al laboratorio que se imparte
B22: Habilidades de ingeniería de software + aplicación práctica de servicios en la nube, Proyectos colaborativos con herramientas reales de nube, Uso de nubes reales
B26: 2. Estandar Internacional
B27: Se identifican estándares internacionales relevantes (como ABET, CDIO o IEEE/ACM) para verificar si el laboratorio cumple con criterios de calidad educativa, competencias clave y buenas prácticas recomendadas a nivel global.
B29: Nombre del Estandar | C29: ABET
B30: Sección , Capitulo , etc, | C30: ABET SECCION 3
B31: Funte de Información | C31: https://bulletin.columbia.edu/columbia-engineering/student-handbook/Student_Handbook_2024-2025.pdf (PAGINA 4)
B33: Contenidos relacionados al laboratorio que se imparte
B34: Seguridad de nube, identity & access management (OpenID/OAuth2) Plataforma como servicio, función como servicio, SaaS (y más temas en semanas posteriores)
B37: Nombre del Estandar | C37: ABET
B38: Sección , Capitulo , etc, | C38: ABET SECCION 3
B39: Funte de Información | C39: https://bulletin.columbia.edu/columbia-engineering/student-handbook/Student_Handbook_2024-2025.pdf (PAGINA 4)
B41: Contenidos relacionados al laboratorio que se imparte
B42: Introducción, conceptos centrales, microservicios, aplicaciones full-stack Virtualización, IaaS, REST, OpenAPI, API gateway Contenedores, Container-as-a-Service, GraphQL, composición de servicios, datos en la nube y almacenamiento

Sheet TCO_vrs_Referentes
B1: Comparación con referentes internacionales
A2: =C4&" - "&C3 -> 797 - Seminario de Sistemas 1
B3: Nombre del Curso | C3: =Competencias_actuales!F3 -> Seminario de Sistemas 1
B4: Codigo del Curso | C4: =Competencias_actuales!A2 -> 797
B6: Laboratorio Actual | F6: Universidad Referente | G6: Estandar Referente
B7: Competencia | C7: Unidad | D7: Tema | E7: SubTema | F7: Presente en el referente (Sí/No) | G7: Presente en el referente (Sí/No)
B8: =IFERROR(__xludf.DUMMYFUNCTION("QUERY(IMPORTRANGE(VLOOKUP(A2,METADA!A:B,2,FALSE), ""Diseño Curricular!B4:E500""), )"),"Explica el concepto de Cloud Computing, sus modelos de servicio y las ventajas y limitaciones de distintos proveedores Cloud mediante ejemplos cotidianos, casos de uso empresarial y comparativas para el desarrollo de infraestructuras escalables y rentab"&"les. ") -> Explica el concepto de Cloud Computing, sus modelos de servicio y las ventajas y limitaciones de distintos proveedores Cloud mediante ejemplos cotidianos, casos de uso empresarial y comparativas para el desarrollo de infraestructuras escalables y rentables. | C8: =IFERROR(__xludf.DUMMYFUNCTION("""COMPUTED_VALUE"""),"1 - Conceptos Fundamentales de la Computación en la Nube") -> 1 - Conceptos Fundamentales de la Computación en la Nube | D8: =IFERROR(__xludf.DUMMYFUNCTION("""COMPUTED_VALUE"""),"Introducción a Cloud Computing.") -> Introducción a Cloud Computing. | E8: =IFERROR(__xludf.DUMMYFUNCTION("""COMPUTED_VALUE"""),"Definición y beneficios.") -> Definición y beneficios. | F8: SI | G8: Si
B9: =IFERROR(__xludf.DUMMYFUNCTION("""COMPUTED_VALUE"""),"Explica el concepto de Cloud Computing, sus modelos de servicio y las ventajas y limitaciones de distintos proveedores Cloud mediante ejemplos cotidianos, casos de uso empresarial y comparativas para el desarrollo de infraestructuras escalables y rentab"&"les. ") -> Explica el concepto de Cloud Computing, sus modelos de servicio y las ventajas y limitaciones de distintos proveedores Cloud mediante ejemplos cotidianos, casos de uso empresarial y comparativas para el desarrollo de infraestructuras escalables y rentables. | C9: =IFERROR(__xludf.DUMMYFUNCTION("""COMPUTED_VALUE"""),"1 - Conceptos Fundamentales de la Computación en la Nube") -> 1 - Conceptos Fundamentales de la Computación en la Nube | D9: =IFERROR(__xludf.DUMMYFUNCTION("""COMPUTED_VALUE"""),"Introducción a Cloud Computing.") -> Introducción a Cloud Computing. | E9: =IFERROR(__xludf.DUMMYFUNCTION("""COMPUTED_VALUE"""),"Modelos de servicios (IaaS, PaaS, SaaS).") -> Modelos de servicios (IaaS, PaaS, SaaS). | F9: Sí | G9: Sí
B10: =IFERROR(__xludf.DUMMYFUNCTION("""COMPUTED_VALUE"""),"Explica el concepto de Cloud Computing, sus modelos de servicio y las ventajas y limitaciones de distintos proveedores Cloud mediante ejemplos cotidianos, casos de uso empresarial y comparativas para el desarrollo de infraestructuras escalables y rentab"&"les. ") -> Explica el concepto de Cloud Computing, sus modelos de servicio y las ventajas y limitaciones de distintos proveedores Cloud mediante ejemplos cotidianos, casos de uso empresarial y comparativas para el desarrollo de infraestructuras escalables y rentables. | C10: =IFERROR(__xludf.DUMMYFUNCTION("""COMPUTED_VALUE"""),"1 - Conceptos Fundamentales de la Computación en la Nube") -> 1 - Conceptos Fundamentales de la Computación en la Nube | D10: =IFERROR(__xludf.DUMMYFUNCTION("""COMPUTED_VALUE"""),"Introducción a Cloud Computing.") -> Introducción a Cloud Computing. | E10: =IFERROR(__xludf.DUMMYFUNCTION("""COMPUTED_VALUE"""),"Introducción a los principales proveedores: Google Cloud y Microsoft Azure.") -> Introducción a los principales proveedores: Google Cloud y Microsoft Azure. | F10: Sí | G10: Sí
B11: =IFERROR(__xludf.DUMMYFUNCTION("""COMPUTED_VALUE"""),"Explica el concepto de Cloud Computing, sus modelos de servicio y las ventajas y limitaciones de distintos proveedores Cloud mediante ejemplos cotidianos, casos de uso empresarial y comparativas para el desarrollo de infraestructuras escalables y rentab"&"les. ") -> Explica el concepto de Cloud Computing, sus modelos de servicio y las ventajas y limitaciones de distintos proveedores Cloud mediante ejemplos cotidianos, casos de uso empresarial y comparativas para el desarrollo de infraestructuras escalables y rentables. | C11: =IFERROR(__xludf.DUMMYFUNCTION("""COMPUTED_VALUE"""),"2 - Servicios clave de proveedores Cloud") -> 2 - Servicios clave de proveedores Cloud | D11: =IFERROR(__xludf.DUMMYFUNCTION("""COMPUTED_VALUE"""),"Servicios clave de Google Cloud") -> Servicios clave de Google Cloud | E11: =IFERROR(__xludf.DUMMYFUNCTION("""COMPUTED_VALUE"""),"Servicios de cómputo, almacenamiento y red en Google Cloud.") -> Servicios de cómputo, almacenamiento y red en Google Cloud. | F11: Sí | G11: Sí
B12: =IFERROR(__xludf.DUMMYFUNCTION("""COMPUTED_VALUE"""),"Explica el concepto de Cloud Computing, sus modelos de servicio y las ventajas y limitaciones de distintos proveedores Cloud mediante ejemplos cotidianos, casos de uso empresarial y comparativas para el desarrollo de infraestructuras escalables y rentab"&"les. ") -> Explica el concepto de Cloud Computing, sus modelos de servicio y las ventajas y limitaciones de distintos proveedores Cloud mediante ejemplos cotidianos, casos de uso empresarial y comparativas para el desarrollo de infraestructuras escalables y rentables. | C12: =IFERROR(__xludf.DUMMYFUNCTION("""COMPUTED_VALUE"""),"2 - Servicios clave de proveedores Cloud") -> 2 - Servicios clave de proveedores Cloud | D12: =IFERROR(__xludf.DUMMYFUNCTION("""COMPUTED_VALUE"""),"Servicios clave de Google Cloud") -> Servicios clave de Google Cloud | E12: =IFERROR(__xludf.DUMMYFUNCTION("""COMPUTED_VALUE"""),"Casos de uso de Google Cloud.") -> Casos de uso de Google Cloud. | F12: Sí | G12: Sí
B13: =IFERROR(__xludf.DUMMYFUNCTION("""COMPUTED_VALUE"""),"Explica el concepto de Cloud Computing, sus modelos de servicio y las ventajas y limitaciones de distintos proveedores Cloud mediante ejemplos cotidianos, casos de uso empresarial y comparativas para el desarrollo de infraestructuras escalables y rentab"&"les. ") -> Explica el concepto de Cloud Computing, sus modelos de servicio y las ventajas y limitaciones de distintos proveedores Cloud mediante ejemplos cotidianos, casos de uso empresarial y comparativas para el desarrollo de infraestructuras escalables y rentables. | C13: =IFERROR(__xludf.DUMMYFUNCTION("""COMPUTED_VALUE"""),"2 - Servicios clave de proveedores Cloud") -> 2 - Servicios clave de proveedores Cloud | D13: =IFERROR(__xludf.DUMMYFUNCTION("""COMPUTED_VALUE"""),"Servicios clave de Microsoft Azure.") -> Servicios clave de Microsoft Azure. | E13: =IFERROR(__xludf.DUMMYFUNCTION("""COMPUTED_VALUE"""),"Servicios de cómputo, almacenamiento y red en Azure.") -> Servicios de cómputo, almacenamiento y red en Azure. | G13: Sí
B14: =IFERROR(__xludf.DUMMYFUNCTION("""COMPUTED_VALUE"""),"Explica el concepto de Cloud Computing, sus modelos de servicio y las ventajas y limitaciones de distintos proveedores Cloud mediante ejemplos cotidianos, casos de uso empresarial y comparativas para el desarrollo de infraestructuras escalables y rentab"&"les. ") -> Explica el concepto de Cloud Computing, sus modelos de servicio y las ventajas y limitaciones de distintos proveedores Cloud mediante ejemplos cotidianos, casos de uso empresarial y comparativas para el desarrollo de infraestructuras escalables y rentables. | C14: =IFERROR(__xludf.DUMMYFUNCTION("""COMPUTED_VALUE"""),"2 - Servicios clave de proveedores Cloud") -> 2 - Servicios clave de proveedores Cloud | D14: =IFERROR(__xludf.DUMMYFUNCTION("""COMPUTED_VALUE"""),"Servicios clave de Microsoft Azure.") -> Servicios clave de Microsoft Azure. | E14: =IFERROR(__xludf.DUMMYFUNCTION("""COMPUTED_VALUE"""),"Casos de uso de Azure.") -> Casos de uso de Azure. | F14: Sí | G14: Sí
B15: =IFERROR(__xludf.DUMMYFUNCTION("""COMPUTED_VALUE"""),"Implementa servicios básicos de Cloud utilizando Amazon EC2, Amazon RDS, Amazon S3, Azure Virtual Machines, Azure SQL, Azure Blob Storage, Azure App Services y Azure Logic Apps para desplegar aplicaciones básicas, considerando la configuración de redes, s"&"eguridad y escalabilidad. ") -> Implementa servicios básicos de Cloud utilizando Amazon EC2, Amazon RDS, Amazon S3, Azure Virtual Machines, Azure SQL, Azure Blob Storage, Azure App Services y Azure Logic Apps para desplegar aplicaciones básicas, considerando la configuración de redes, seguridad y escalabilidad. | C15: =IFERROR(__xludf.DUMMYFUNCTION("""COMPUTED_VALUE"""),"3 - Configuración y Gestión de Identidades y Accesos en Cloud") -> 3 - Configuración y Gestión de Identidades y Accesos en Cloud | D15: =IFERROR(__xludf.DUMMYFUNCTION("""COMPUTED_VALUE"""),"Usuarios y permisos en AWS.") -> Usuarios y permisos en AWS. | E15: =IFERROR(__xludf.DUMMYFUNCTION("""COMPUTED_VALUE"""),"Grupos, Usuarios y Roles: Gestión de accesos y permisos.") -> Grupos, Usuarios y Roles: Gestión de accesos y permisos. | F15: Sí | G15: Sí
B16: =IFERROR(__xludf.DUMMYFUNCTION("""COMPUTED_VALUE"""),"Implementa servicios básicos de Cloud utilizando Amazon EC2, Amazon RDS, Amazon S3, Azure Virtual Machines, Azure SQL, Azure Blob Storage, Azure App Services y Azure Logic Apps para desplegar aplicaciones básicas, considerando la configuración de redes, s"&"eguridad y escalabilidad. ") -> Implementa servicios básicos de Cloud utilizando Amazon EC2, Amazon RDS, Amazon S3, Azure Virtual Machines, Azure SQL, Azure Blob Storage, Azure App Services y Azure Logic Apps para desplegar aplicaciones básicas, considerando la configuración de redes, seguridad y escalabilidad. | C16: =IFERROR(__xludf.DUMMYFUNCTION("""COMPUTED_VALUE"""),"3 - Configuración y Gestión de Identidades y Accesos en Cloud") -> 3 - Configuración y Gestión de Identidades y Accesos en Cloud | D16: =IFERROR(__xludf.DUMMYFUNCTION("""COMPUTED_VALUE"""),"Usuarios y permisos en AWS.") -> Usuarios y permisos en AWS. | E16: =IFERROR(__xludf.DUMMYFUNCTION("""COMPUTED_VALUE"""),"Políticas: Configuración de políticas de seguridad.") -> Políticas: Configuración de políticas de seguridad. | F16: Sí | G16: Sí
B17: =IFERROR(__xludf.DUMMYFUNCTION("""COMPUTED_VALUE"""),"Implementa servicios básicos de Cloud utilizando Amazon EC2, Amazon RDS, Amazon S3, Azure Virtual Machines, Azure SQL, Azure Blob Storage, Azure App Services y Azure Logic Apps para desplegar aplicaciones básicas, considerando la configuración de redes, s"&"eguridad y escalabilidad. ") -> Implementa servicios básicos de Cloud utilizando Amazon EC2, Amazon RDS, Amazon S3, Azure Virtual Machines, Azure SQL, Azure Blob Storage, Azure App Services y Azure Logic Apps para desplegar aplicaciones básicas, considerando la configuración de redes, seguridad y escalabilidad. | C17: =IFERROR(__xludf.DUMMYFUNCTION("""COMPUTED_VALUE"""),"3 - Configuración y Gestión de Identidades y Accesos en Cloud") -> 3 - Configuración y Gestión de Identidades y Accesos en Cloud | D17: =IFERROR(__xludf.DUMMYFUNCTION("""COMPUTED_VALUE"""),"Creación y configuración de instancias.") -> Creación y configuración de instancias. | E17: =IFERROR(__xludf.DUMMYFUNCTION("""COMPUTED_VALUE"""),"Instancias en AWS, Azure y Google Cloud.") -> Instancias en AWS, Azure y Google Cloud. | F17: Sí | G17: Sí
B18: =IFERROR(__xludf.DUMMYFUNCTION("""COMPUTED_VALUE"""),"Implementa servicios básicos de Cloud utilizando Amazon EC2, Amazon RDS, Amazon S3, Azure Virtual Machines, Azure SQL, Azure Blob Storage, Azure App Services y Azure Logic Apps para desplegar aplicaciones básicas, considerando la configuración de redes, s"&"eguridad y escalabilidad. ") -> Implementa servicios básicos de Cloud utilizando Amazon EC2, Amazon RDS, Amazon S3, Azure Virtual Machines, Azure SQL, Azure Blob Storage, Azure App Services y Azure Logic Apps para desplegar aplicaciones básicas, considerando la configuración de redes, seguridad y escalabilidad. | C18: =IFERROR(__xludf.DUMMYFUNCTION("""COMPUTED_VALUE"""),"3 - Configuración y Gestión de Identidades y Accesos en Cloud") -> 3 - Configuración y Gestión de Identidades y Accesos en Cloud | D18: =IFERROR(__xludf.DUMMYFUNCTION("""COMPUTED_VALUE"""),"Creación y configuración de instancias.") -> Creación y configuración de instancias. | E18: =IFERROR(__xludf.DUMMYFUNCTION("""COMPUTED_VALUE"""),"Configuración básica de las instancias.") -> Configuración básica de las instancias. | F18: Sí | G18: Sí
B19: =IFERROR(__xludf.DUMMYFUNCTION("""COMPUTED_VALUE"""),"Implementa servicios básicos de Cloud utilizando Amazon EC2, Amazon RDS, Amazon S3, Azure Virtual Machines, Azure SQL, Azure Blob Storage, Azure App Services y Azure Logic Apps para desplegar aplicaciones básicas, considerando la configuración de redes, s"&"eguridad y escalabilidad. ") -> Implementa servicios básicos de Cloud utilizando Amazon EC2, Amazon RDS, Amazon S3, Azure Virtual Machines, Azure SQL, Azure Blob Storage, Azure App Services y Azure Logic Apps para desplegar aplicaciones básicas, considerando la configuración de redes, seguridad y escalabilidad. | C19: =IFERROR(__xludf.DUMMYFUNCTION("""COMPUTED_VALUE"""),"3 - Configuración y Gestión de Identidades y Accesos en Cloud") -> 3 - Configuración y Gestión de Identidades y Accesos en Cloud | D19: =IFERROR(__xludf.DUMMYFUNCTION("""COMPUTED_VALUE"""),"Amazon EC2.") -> Amazon EC2. | E19: =IFERROR(__xludf.DUMMYFUNCTION("""COMPUTED_VALUE"""),"Security Groups: Configuración de reglas de firewall.") -> Security Groups: Configuración de reglas de firewall. | F19: Sí | G19: Sí
B20: =IFERROR(__xludf.DUMMYFUNCTION("""COMPUTED_VALUE"""),"Implementa servicios básicos de Cloud utilizando Amazon EC2, Amazon RDS, Amazon S3, Azure Virtual Machines, Azure SQL, Azure Blob Storage, Azure App Services y Azure Logic Apps para desplegar aplicaciones básicas, considerando la configuración de redes, s"&"eguridad y escalabilidad. ") -> Implementa servicios básicos de Cloud utilizando Amazon EC2, Amazon RDS, Amazon S3, Azure Virtual Machines, Azure SQL, Azure Blob Storage, Azure App Services y Azure Logic Apps para desplegar aplicaciones básicas, considerando la configuración de redes, seguridad y escalabilidad. | C20: =IFERROR(__xludf.DUMMYFUNCTION("""COMPUTED_VALUE"""),"3 - Configuración y Gestión de Identidades y Accesos en Cloud") -> 3 - Configuración y Gestión de Identidades y Accesos en Cloud | D20: =IFERROR(__xludf.DUMMYFUNCTION("""COMPUTED_VALUE"""),"Amazon EC2.") -> Amazon EC2. | E20: =IFERROR(__xludf.DUMMYFUNCTION("""COMPUTED_VALUE"""),"Key Pairs: Autenticación de instancias.") -> Key Pairs: Autenticación de instancias. | F20: Sí | G20: Sí
B21: =IFERROR(__xludf.DUMMYFUNCTION("""COMPUTED_VALUE"""),"Implementa servicios básicos de Cloud utilizando Amazon EC2, Amazon RDS, Amazon S3, Azure Virtual Machines, Azure SQL, Azure Blob Storage, Azure App Services y Azure Logic Apps para desplegar aplicaciones básicas, considerando la configuración de redes, s"&"eguridad y escalabilidad. ") -> Implementa servicios básicos de Cloud utilizando Amazon EC2, Amazon RDS, Amazon S3, Azure Virtual Machines, Azure SQL, Azure Blob Storage, Azure App Services y Azure Logic Apps para desplegar aplicaciones básicas, considerando la configuración de redes, seguridad y escalabilidad. | C21: =IFERROR(__xludf.DUMMYFUNCTION("""COMPUTED_VALUE"""),"3 - Configuración y Gestión de Identidades y Accesos en Cloud") -> 3 - Configuración y Gestión de Identidades y Accesos en Cloud | D21: =IFERROR(__xludf.DUMMYFUNCTION("""COMPUTED_VALUE"""),"Amazon EC2.") -> Amazon EC2. | E21: =IFERROR(__xludf.DUMMYFUNCTION("""COMPUTED_VALUE"""),"AMI: Imágenes de máquinas Amazon.") -> AMI: Imágenes de máquinas Amazon. | F21: Sí | G21: Sí
B22: =IFERROR(__xludf.DUMMYFUNCTION("""COMPUTED_VALUE"""),"Implementa servicios básicos de Cloud utilizando Amazon EC2, Amazon RDS, Amazon S3, Azure Virtual Machines, Azure SQL, Azure Blob Storage, Azure App Services y Azure Logic Apps para desplegar aplicaciones básicas, considerando la configuración de redes, s"&"eguridad y escalabilidad. ") -> Implementa servicios básicos de Cloud utilizando Amazon EC2, Amazon RDS, Amazon S3, Azure Virtual Machines, Azure SQL, Azure Blob Storage, Azure App Services y Azure Logic Apps para desplegar aplicaciones básicas, considerando la configuración de redes, seguridad y escalabilidad. | C22: =IFERROR(__xludf.DUMMYFUNCTION("""COMPUTED_VALUE"""),"4 - Configuración e Implementación de Máquinas Virtuales en la nube") -> 4 - Configuración e Implementación de Máquinas Virtuales en la nube | D22: =IFERROR(__xludf.DUMMYFUNCTION("""COMPUTED_VALUE"""),"Amazon EC2.") -> Amazon EC2. | E22: =IFERROR(__xludf.DUMMYFUNCTION("""COMPUTED_VALUE"""),"Elastic IP y Elastic Load Balancing.") -> Elastic IP y Elastic Load Balancing. | F22: Sí | G22: Sí
B23: =IFERROR(__xludf.DUMMYFUNCTION("""COMPUTED_VALUE"""),"Implementa servicios básicos de Cloud utilizando Amazon EC2, Amazon RDS, Amazon S3, Azure Virtual Machines, Azure SQL, Azure Blob Storage, Azure App Services y Azure Logic Apps para desplegar aplicaciones básicas, considerando la configuración de redes, s"&"eguridad y escalabilidad. ") -> Implementa servicios básicos de Cloud utilizando Amazon EC2, Amazon RDS, Amazon S3, Azure Virtual Machines, Azure SQL, Azure Blob Storage, Azure App Services y Azure Logic Apps para desplegar aplicaciones básicas, considerando la configuración de redes, seguridad y escalabilidad. | C23: =IFERROR(__xludf.DUMMYFUNCTION("""COMPUTED_VALUE"""),"5 - Configuración e Implementación de Bases de datos en Cloud Computing") -> 5 - Configuración e Implementación de Bases de datos en Cloud Computing | D23: =IFERROR(__xludf.DUMMYFUNCTION("""COMPUTED_VALUE"""),"Bases de datos en AWS y Azure.") -> Bases de datos en AWS y Azure. | E23: =IFERROR(__xludf.DUMMYFUNCTION("""COMPUTED_VALUE"""),"Amazon RDS: Configuración y administración.") -> Amazon RDS: Configuración y administración. | F23: Sí | G23: Sí
B24: =IFERROR(__xludf.DUMMYFUNCTION("""COMPUTED_VALUE"""),"Implementa servicios básicos de Cloud utilizando Amazon EC2, Amazon RDS, Amazon S3, Azure Virtual Machines, Azure SQL, Azure Blob Storage, Azure App Services y Azure Logic Apps para desplegar aplicaciones básicas, considerando la configuración de redes, s"&"eguridad y escalabilidad. ") -> Implementa servicios básicos de Cloud utilizando Amazon EC2, Amazon RDS, Amazon S3, Azure Virtual Machines, Azure SQL, Azure Blob Storage, Azure App Services y Azure Logic Apps para desplegar aplicaciones básicas, considerando la configuración de redes, seguridad y escalabilidad. | C24: =IFERROR(__xludf.DUMMYFUNCTION("""COMPUTED_VALUE"""),"5 - Configuración e Implementación de Bases de datos en Cloud Computing") -> 5 - Configuración e Implementación de Bases de datos en Cloud Computing | D24: =IFERROR(__xludf.DUMMYFUNCTION("""COMPUTED_VALUE"""),"Bases de datos en AWS y Azure.") -> Bases de datos en AWS y Azure. | E24: =IFERROR(__xludf.DUMMYFUNCTION("""COMPUTED_VALUE"""),"Azure SQL: Servicios de bases de datos en Azure.") -> Azure SQL: Servicios de bases de datos en Azure. | F24: Sí | G24: Sí
B25: =IFERROR(__xludf.DUMMYFUNCTION("""COMPUTED_VALUE"""),"Implementa servicios básicos de Cloud utilizando Amazon EC2, Amazon RDS, Amazon S3, Azure Virtual Machines, Azure SQL, Azure Blob Storage, Azure App Services y Azure Logic Apps para desplegar aplicaciones básicas, considerando la configuración de redes, s"&"eguridad y escalabilidad. ") -> Implementa servicios básicos de Cloud utilizando Amazon EC2, Amazon RDS, Amazon S3, Azure Virtual Machines, Azure SQL, Azure Blob Storage, Azure App Services y Azure Logic Apps para desplegar aplicaciones básicas, considerando la configuración de redes, seguridad y escalabilidad. | C25: =IFERROR(__xludf.DUMMYFUNCTION("""COMPUTED_VALUE"""),"6 - Servicios de Almcaenamiento de Objetos en Cloud") -> 6 - Servicios de Almcaenamiento de Objetos en Cloud | D25: =IFERROR(__xludf.DUMMYFUNCTION("""COMPUTED_VALUE"""),"Servicios de almacenamiento.") -> Servicios de almacenamiento. | E25: =IFERROR(__xludf.DUMMYFUNCTION("""COMPUTED_VALUE"""),"Azure Storage: Tipos y usos.") -> Azure Storage: Tipos y usos. | F25: Sí | G25: Sí
B26: =IFERROR(__xludf.DUMMYFUNCTION("""COMPUTED_VALUE"""),"Implementa servicios básicos de Cloud utilizando Amazon EC2, Amazon RDS, Amazon S3, Azure Virtual Machines, Azure SQL, Azure Blob Storage, Azure App Services y Azure Logic Apps para desplegar aplicaciones básicas, considerando la configuración de redes, s"&"eguridad y escalabilidad. ") -> Implementa servicios básicos de Cloud utilizando Amazon EC2, Amazon RDS, Amazon S3, Azure Virtual Machines, Azure SQL, Azure Blob Storage, Azure App Services y Azure Logic Apps para desplegar aplicaciones básicas, considerando la configuración de redes, seguridad y escalabilidad. | C26: =IFERROR(__xludf.DUMMYFUNCTION("""COMPUTED_VALUE"""),"6 - Servicios de Almcaenamiento de Objetos en Cloud") -> 6 - Servicios de Almcaenamiento de Objetos en Cloud | D26: =IFERROR(__xludf.DUMMYFUNCTION("""COMPUTED_VALUE"""),"Servicios de almacenamiento.") -> Servicios de almacenamiento. | E26: =IFERROR(__xludf.DUMMYFUNCTION("""COMPUTED_VALUE"""),"Amazon S3: Almacenamiento de objetos y accesos.") -> Amazon S3: Almacenamiento de objetos y accesos. | F26: Sí | G26: Sí
B27: =IFERROR(__xludf.DUMMYFUNCTION("""COMPUTED_VALUE"""),"Implementa servicios básicos de Cloud utilizando Amazon EC2, Amazon RDS, Amazon S3, Azure Virtual Machines, Azure SQL, Azure Blob Storage, Azure App Services y Azure Logic Apps para desplegar aplicaciones básicas, considerando la configuración de redes, s"&"eguridad y escalabilidad. ") -> Implementa servicios básicos de Cloud utilizando Amazon EC2, Amazon RDS, Amazon S3, Azure Virtual Machines, Azure SQL, Azure Blob Storage, Azure App Services y Azure Logic Apps para desplegar aplicaciones básicas, considerando la configuración de redes, seguridad y escalabilidad. | C27: =IFERROR(__xludf.DUMMYFUNCTION("""COMPUTED_VALUE"""),"6 - Servicios de Almcaenamiento de Objetos en Cloud") -> 6 - Servicios de Almcaenamiento de Objetos en Cloud | D27: =IFERROR(__xludf.DUMMYFUNCTION("""COMPUTED_VALUE"""),"Servicios de almacenamiento.") -> Servicios de almacenamiento. | E27: =IFERROR(__xludf.DUMMYFUNCTION("""COMPUTED_VALUE"""),"Alojamiento de sitios web estáticos en Amazon S3.") -> Alojamiento de sitios web estáticos en Amazon S3. | F27: Sí | G27: Sí
B28: =IFERROR(__xludf.DUMMYFUNCTION("""COMPUTED_VALUE"""),"Desarrolla aplicaciones serverless simples utilizando AWS Lambda y Azure Functions para procesar eventos y ejecutar la lógica de los negocios ") -> Desarrolla aplicaciones serverless simples utilizando AWS Lambda y Azure Functions para procesar eventos y ejecutar la lógica de los negocios | C28: =IFERROR(__xludf.DUMMYFUNCTION("""COMPUTED_VALUE"""),"7 - Configuración de Arquitecturas Serverless") -> 7 - Configuración de Arquitecturas Serverless | D28: =IFERROR(__xludf.DUMMYFUNCTION("""COMPUTED_VALUE"""),"Serverless en AWS y Azure.") -> Serverless en AWS y Azure. | E28: =IFERROR(__xludf.DUMMYFUNCTION("""COMPUTED_VALUE"""),"AWS Lambda: Ejecución de código sin servidores.") -> AWS Lambda: Ejecución de código sin servidores. | F28: Sí | G28: Sí
B29: =IFERROR(__xludf.DUMMYFUNCTION("""COMPUTED_VALUE"""),"Desarrolla aplicaciones serverless simples utilizando AWS Lambda y Azure Functions para procesar eventos y ejecutar la lógica de los negocios ") -> Desarrolla aplicaciones serverless simples utilizando AWS Lambda y Azure Functions para procesar eventos y ejecutar la lógica de los negocios | C29: =IFERROR(__xludf.DUMMYFUNCTION("""COMPUTED_VALUE"""),"7 - Configuración de Arquitecturas Serverless") -> 7 - Configuración de Arquitecturas Serverless | D29: =IFERROR(__xludf.DUMMYFUNCTION("""COMPUTED_VALUE"""),"Serverless en AWS y Azure.") -> Serverless en AWS y Azure. | E29: =IFERROR(__xludf.DUMMYFUNCTION("""COMPUTED_VALUE"""),"Amazon API Gateway: Gestión de APIs.") -> Amazon API Gateway: Gestión de APIs. | F29: Sí | G29: Sí
B30: =IFERROR(__xludf.DUMMYFUNCTION("""COMPUTED_VALUE"""),"Desarrolla aplicaciones serverless simples utilizando AWS Lambda y Azure Functions para procesar eventos y ejecutar la lógica de los negocios ") -> Desarrolla aplicaciones serverless simples utilizando AWS Lambda y Azure Functions para procesar eventos y ejecutar la lógica de los negocios | C30: =IFERROR(__xludf.DUMMYFUNCTION("""COMPUTED_VALUE"""),"7 - Configuración de Arquitecturas Serverless") -> 7 - Configuración de Arquitecturas Serverless | D30: =IFERROR(__xludf.DUMMYFUNCTION("""COMPUTED_VALUE"""),"Serverless en AWS y Azure.") -> Serverless en AWS y Azure. | E30: =IFERROR(__xludf.DUMMYFUNCTION("""COMPUTED_VALUE"""),"Azure Functions: Funciones sin servidor en Azure.") -> Azure Functions: Funciones sin servidor en Azure. | F30: Sí | G30: Sí
B31: =IFERROR(__xludf.DUMMYFUNCTION("""COMPUTED_VALUE"""),"Desarrolla aplicaciones serverless simples utilizando AWS Lambda y Azure Functions para procesar eventos y ejecutar la lógica de los negocios ") -> Desarrolla aplicaciones serverless simples utilizando AWS Lambda y Azure Functions para procesar eventos y ejecutar la lógica de los negocios | C31: =IFERROR(__xludf.DUMMYFUNCTION("""COMPUTED_VALUE"""),"7 - Configuración de Arquitecturas Serverless") -> 7 - Configuración de Arquitecturas Serverless | D31: =IFERROR(__xludf.DUMMYFUNCTION("""COMPUTED_VALUE"""),"Serverless en AWS y Azure.") -> Serverless en AWS y Azure. | E31: =IFERROR(__xludf.DUMMYFUNCTION("""COMPUTED_VALUE"""),"Azure API Management.") -> Azure API Management. | F31: Sí | G31: Sí
B32: =IFERROR(__xludf.DUMMYFUNCTION("""COMPUTED_VALUE"""),"Implementa servicios básicos de Cloud utilizando Amazon EC2, Amazon RDS, Amazon S3, Azure Virtual Machines, Azure SQL, Azure Blob Storage, Azure App Services y Azure Logic Apps para desplegar aplicaciones básicas, considerando la configuración de redes, s"&"eguridad y escalabilidad. ") -> Implementa servicios básicos de Cloud utilizando Amazon EC2, Amazon RDS, Amazon S3, Azure Virtual Machines, Azure SQL, Azure Blob Storage, Azure App Services y Azure Logic Apps para desplegar aplicaciones básicas, considerando la configuración de redes, seguridad y escalabilidad. | C32: =IFERROR(__xludf.DUMMYFUNCTION("""COMPUTED_VALUE"""),"8 - Desarrollo de aplicaciones con Azure") -> 8 - Desarrollo de aplicaciones con Azure | D32: =IFERROR(__xludf.DUMMYFUNCTION("""COMPUTED_VALUE"""),"Plataformas de desarrollo en Azure") -> Plataformas de desarrollo en Azure | E32: =IFERROR(__xludf.DUMMYFUNCTION("""COMPUTED_VALUE"""),"Azure Load Balancer") -> Azure Load Balancer | F32: Sí | G32: Sí
B33: =IFERROR(__xludf.DUMMYFUNCTION("""COMPUTED_VALUE"""),"Implementa servicios básicos de Cloud utilizando Amazon EC2, Amazon RDS, Amazon S3, Azure Virtual Machines, Azure SQL, Azure Blob Storage, Azure App Services y Azure Logic Apps para desplegar aplicaciones básicas, considerando la configuración de redes, s"&"eguridad y escalabilidad. ") -> Implementa servicios básicos de Cloud utilizando Amazon EC2, Amazon RDS, Amazon S3, Azure Virtual Machines, Azure SQL, Azure Blob Storage, Azure App Services y Azure Logic Apps para desplegar aplicaciones básicas, considerando la configuración de redes, seguridad y escalabilidad. | C33: =IFERROR(__xludf.DUMMYFUNCTION("""COMPUTED_VALUE"""),"8 - Desarrollo de aplicaciones con Azure") -> 8 - Desarrollo de aplicaciones con Azure | D33: =IFERROR(__xludf.DUMMYFUNCTION("""COMPUTED_VALUE"""),"Plataformas de desarrollo en Azure") -> Plataformas de desarrollo en Azure | E33: =IFERROR(__xludf.DUMMYFUNCTION("""COMPUTED_VALUE"""),"Azure App Services") -> Azure App Services | F33: Sí | G33: Sí
B34: =IFERROR(__xludf.DUMMYFUNCTION("""COMPUTED_VALUE"""),"Implementa servicios básicos de Cloud utilizando Amazon EC2, Amazon RDS, Amazon S3, Azure Virtual Machines, Azure SQL, Azure Blob Storage, Azure App Services y Azure Logic Apps para desplegar aplicaciones básicas, considerando la configuración de redes, s"&"eguridad y escalabilidad. ") -> Implementa servicios básicos de Cloud utilizando Amazon EC2, Amazon RDS, Amazon S3, Azure Virtual Machines, Azure SQL, Azure Blob Storage, Azure App Services y Azure Logic Apps para desplegar aplicaciones básicas, considerando la configuración de redes, seguridad y escalabilidad. | C34: =IFERROR(__xludf.DUMMYFUNCTION("""COMPUTED_VALUE"""),"8 - Desarrollo de aplicaciones con Azure") -> 8 - Desarrollo de aplicaciones con Azure | D34: =IFERROR(__xludf.DUMMYFUNCTION("""COMPUTED_VALUE"""),"Plataformas de desarrollo en Azure") -> Plataformas de desarrollo en Azure | E34: =IFERROR(__xludf.DUMMYFUNCTION("""COMPUTED_VALUE"""),"Azure Logic Apps") -> Azure Logic Apps | F34: Sí | G34: Sí
B35: =IFERROR(__xludf.DUMMYFUNCTION("""COMPUTED_VALUE"""),"Implementa servicios de inteligencia artificial utilizando IA de AWS y Azure Cognitive Services para resolver problemas de lenguaje natrual, análisis de imagenes o chabots. ") -> Implementa servicios de inteligencia artificial utilizando IA de AWS y Azure Cognitive Services para resolver problemas de lenguaje natrual, análisis de imagenes o chabots. | C35: =IFERROR(__xludf.DUMMYFUNCTION("""COMPUTED_VALUE"""),"9 - Inteligencia Artificial en Cloud Computing") -> 9 - Inteligencia Artificial en Cloud Computing | D35: =IFERROR(__xludf.DUMMYFUNCTION("""COMPUTED_VALUE"""),"Servicios de IA de AWS.") -> Servicios de IA de AWS. | E35: =IFERROR(__xludf.DUMMYFUNCTION("""COMPUTED_VALUE"""),"Amazon Rekognition: Análisis de imágenes.") -> Amazon Rekognition: Análisis de imágenes. | F35: Sí | G35: Sí
B36: =IFERROR(__xludf.DUMMYFUNCTION("""COMPUTED_VALUE"""),"Implementa servicios de inteligencia artificial utilizando IA de AWS y Azure Cognitive Services para resolver problemas de lenguaje natrual, análisis de imagenes o chabots. ") -> Implementa servicios de inteligencia artificial utilizando IA de AWS y Azure Cognitive Services para resolver problemas de lenguaje natrual, análisis de imagenes o chabots. | C36: =IFERROR(__xludf.DUMMYFUNCTION("""COMPUTED_VALUE"""),"9 - Inteligencia Artificial en Cloud Computing") -> 9 - Inteligencia Artificial en Cloud Computing | D36: =IFERROR(__xludf.DUMMYFUNCTION("""COMPUTED_VALUE"""),"Servicios de IA de AWS.") -> Servicios de IA de AWS. | E36: =IFERROR(__xludf.DUMMYFUNCTION("""COMPUTED_VALUE"""),"Amazon Lex: Creación de chatbots.") -> Amazon Lex: Creación de chatbots. | F36: Sí | G36: Sí
B37: =IFERROR(__xludf.DUMMYFUNCTION("""COMPUTED_VALUE"""),"Implementa servicios de inteligencia artificial utilizando IA de AWS y Azure Cognitive Services para resolver problemas de lenguaje natrual, análisis de imagenes o chabots. ") -> Implementa servicios de inteligencia artificial utilizando IA de AWS y Azure Cognitive Services para resolver problemas de lenguaje natrual, análisis de imagenes o chabots. | C37: =IFERROR(__xludf.DUMMYFUNCTION("""COMPUTED_VALUE"""),"9 - Inteligencia Artificial en Cloud Computing") -> 9 - Inteligencia Artificial en Cloud Computing | D37: =IFERROR(__xludf.DUMMYFUNCTION("""COMPUTED_VALUE"""),"Servicios de IA de AWS.") -> Servicios de IA de AWS. | E37: =IFERROR(__xludf.DUMMYFUNCTION("""COMPUTED_VALUE"""),"Amazon Polly: Conversión de texto a voz.") -> Amazon Polly: Conversión de texto a voz. | F37: Sí | G37: Sí
B38: =IFERROR(__xludf.DUMMYFUNCTION("""COMPUTED_VALUE"""),"Implementa servicios de inteligencia artificial utilizando IA de AWS y Azure Cognitive Services para resolver problemas de lenguaje natrual, análisis de imagenes o chabots. ") -> Implementa servicios de inteligencia artificial utilizando IA de AWS y Azure Cognitive Services para resolver problemas de lenguaje natrual, análisis de imagenes o chabots. | C38: =IFERROR(__xludf.DUMMYFUNCTION("""COMPUTED_VALUE"""),"9 - Inteligencia Artificial en Cloud Computing") -> 9 - Inteligencia Artificial en Cloud Computing | D38: =IFERROR(__xludf.DUMMYFUNCTION("""COMPUTED_VALUE"""),"Servicios de IA de AWS.") -> Servicios de IA de AWS. | E38: =IFERROR(__xludf.DUMMYFUNCTION("""COMPUTED_VALUE"""),"Amazon Translate y Cognito: Traducción automática y autenticación.") -> Amazon Translate y Cognito: Traducción automática y autenticación. | F38: No | G38: No
B39: =IFERROR(__xludf.DUMMYFUNCTION("""COMPUTED_VALUE"""),"Implementa servicios de inteligencia artificial utilizando IA de AWS y Azure Cognitive Services para resolver problemas de lenguaje natrual, análisis de imagenes o chabots. ") -> Implementa servicios de inteligencia artificial utilizando IA de AWS y Azure Cognitive Services para resolver problemas de lenguaje natrual, análisis de imagenes o chabots. | C39: =IFERROR(__xludf.DUMMYFUNCTION("""COMPUTED_VALUE"""),"9 - Inteligencia Artificial en Cloud Computing") -> 9 - Inteligencia Artificial en Cloud Computing | D39: =IFERROR(__xludf.DUMMYFUNCTION("""COMPUTED_VALUE"""),"Azure Cognitive Services.") -> Azure Cognitive Services. | E39: =IFERROR(__xludf.DUMMYFUNCTION("""COMPUTED_VALUE"""),"Servicios de visión, lenguaje y toma de decisiones.") -> Servicios de visión, lenguaje y toma de decisiones. | F39: Sí | G39: Sí
B40: =IFERROR(__xludf.DUMMYFUNCTION("""COMPUTED_VALUE"""),"Implementa servicios de inteligencia artificial utilizando IA de AWS y Azure Cognitive Services para resolver problemas de lenguaje natrual, análisis de imagenes o chabots. ") -> Implementa servicios de inteligencia artificial utilizando IA de AWS y Azure Cognitive Services para resolver problemas de lenguaje natrual, análisis de imagenes o chabots. | C40: =IFERROR(__xludf.DUMMYFUNCTION("""COMPUTED_VALUE"""),"9 - Inteligencia Artificial en Cloud Computing") -> 9 - Inteligencia Artificial en Cloud Computing | D40: =IFERROR(__xludf.DUMMYFUNCTION("""COMPUTED_VALUE"""),"Azure Cognitive Services.") -> Azure Cognitive Services. | E40: =IFERROR(__xludf.DUMMYFUNCTION("""COMPUTED_VALUE"""),"Integración en aplicaciones.") -> Integración en aplicaciones. | F40: Sí | G40: Sí
B41: =IFERROR(__xludf.DUMMYFUNCTION("""COMPUTED_VALUE"""),"Desarrolla aplicaciones low-code utilizando Power Automate y Power appas para integrar sistemas, flujos de trabajo y datos. ") -> Desarrolla aplicaciones low-code utilizando Power Automate y Power appas para integrar sistemas, flujos de trabajo y datos. | C41: =IFERROR(__xludf.DUMMYFUNCTION("""COMPUTED_VALUE"""),"10 - Implementación de Plataformas de Microsoft") -> 10 - Implementación de Plataformas de Microsoft | D41: =IFERROR(__xludf.DUMMYFUNCTION("""COMPUTED_VALUE"""),"Microsoft Power Platforms.") -> Microsoft Power Platforms. | E41: =IFERROR(__xludf.DUMMYFUNCTION("""COMPUTED_VALUE"""),"Power Automate: Automatización de flujos de trabajo.") -> Power Automate: Automatización de flujos de trabajo. | F41: No | G41: No
B42: =IFERROR(__xludf.DUMMYFUNCTION("""COMPUTED_VALUE"""),"Desarrolla aplicaciones low-code utilizando Power Automate y Power appas para integrar sistemas, flujos de trabajo y datos. ") -> Desarrolla aplicaciones low-code utilizando Power Automate y Power appas para integrar sistemas, flujos de trabajo y datos. | C42: =IFERROR(__xludf.DUMMYFUNCTION("""COMPUTED_VALUE"""),"10 - Implementación de Plataformas de Microsoft") -> 10 - Implementación de Plataformas de Microsoft | D42: =IFERROR(__xludf.DUMMYFUNCTION("""COMPUTED_VALUE"""),"Microsoft Power Platforms.") -> Microsoft Power Platforms. | E42: =IFERROR(__xludf.DUMMYFUNCTION("""COMPUTED_VALUE"""),"Power Apps: Creación de aplicaciones sin código.") -> Power Apps: Creación de aplicaciones sin código. | F42: No | G42: No
B43: =IFERROR(__xludf.DUMMYFUNCTION("""COMPUTED_VALUE"""),"Empaqueta aplicaciones en contenedores utilizando Docker para garantizar portabilidad y consistencia entre entornos de desarrollo, pruebas y producción. ") -> Empaqueta aplicaciones en contenedores utilizando Docker para garantizar portabilidad y consistencia entre entornos de desarrollo, pruebas y producción. | C43: =IFERROR(__xludf.DUMMYFUNCTION("""COMPUTED_VALUE"""),"11 - Desarrollo de aplicaciones con Docker") -> 11 - Desarrollo de aplicaciones con Docker | D43: =IFERROR(__xludf.DUMMYFUNCTION("""COMPUTED_VALUE"""),"Fundamentos de Docker.") -> Fundamentos de Docker. | E43: =IFERROR(__xludf.DUMMYFUNCTION("""COMPUTED_VALUE"""),"Contenedores: Conceptos básicos.") -> Contenedores: Conceptos básicos. | F43: Sí | G43: Sí
B44: =IFERROR(__xludf.DUMMYFUNCTION("""COMPUTED_VALUE"""),"Empaqueta aplicaciones en contenedores utilizando Docker para garantizar portabilidad y consistencia entre entornos de desarrollo, pruebas y producción. ") -> Empaqueta aplicaciones en contenedores utilizando Docker para garantizar portabilidad y consistencia entre entornos de desarrollo, pruebas y producción. | C44: =IFERROR(__xludf.DUMMYFUNCTION("""COMPUTED_VALUE"""),"11 - Desarrollo de aplicaciones con Docker") -> 11 - Desarrollo de aplicaciones con Docker | D44: =IFERROR(__xludf.DUMMYFUNCTION("""COMPUTED_VALUE"""),"Fundamentos de Docker.") -> Fundamentos de Docker. | E44: =IFERROR(__xludf.DUMMYFUNCTION("""COMPUTED_VALUE"""),"Imágenes y volúmenes: Almacenamiento en Docker.") -> Imágenes y volúmenes: Almacenamiento en Docker. | F44: Sí | G44: Sí
B45: =IFERROR(__xludf.DUMMYFUNCTION("""COMPUTED_VALUE"""),"Empaqueta aplicaciones en contenedores utilizando Docker para garantizar portabilidad y consistencia entre entornos de desarrollo, pruebas y producción. ") -> Empaqueta aplicaciones en contenedores utilizando Docker para garantizar portabilidad y consistencia entre entornos de desarrollo, pruebas y producción. | C45: =IFERROR(__xludf.DUMMYFUNCTION("""COMPUTED_VALUE"""),"11 - Desarrollo de aplicaciones con Docker") -> 11 - Desarrollo de aplicaciones con Docker | D45: =IFERROR(__xludf.DUMMYFUNCTION("""COMPUTED_VALUE"""),"Fundamentos de Docker.") -> Fundamentos de Docker. | E45: =IFERROR(__xludf.DUMMYFUNCTION("""COMPUTED_VALUE"""),"Dockerizar aplicaciones.") -> Dockerizar aplicaciones. | F45: Sí | G45: Sí
B46: =IFERROR(__xludf.DUMMYFUNCTION("""COMPUTED_VALUE"""),"Empaqueta aplicaciones en contenedores utilizando Docker para garantizar portabilidad y consistencia entre entornos de desarrollo, pruebas y producción. ") -> Empaqueta aplicaciones en contenedores utilizando Docker para garantizar portabilidad y consistencia entre entornos de desarrollo, pruebas y producción. | C46: =IFERROR(__xludf.DUMMYFUNCTION("""COMPUTED_VALUE"""),"11 - Desarrollo de aplicaciones con Docker") -> 11 - Desarrollo de aplicaciones con Docker | D46: =IFERROR(__xludf.DUMMYFUNCTION("""COMPUTED_VALUE"""),"Fundamentos de Docker.") -> Fundamentos de Docker. | E46: =IFERROR(__xludf.DUMMYFUNCTION("""COMPUTED_VALUE"""),"Docker Compose: Orquestación de contenedores.") -> Docker Compose: Orquestación de contenedores. | F46: Sí | G46: Sí
B47: =IFERROR(__xludf.DUMMYFUNCTION("""COMPUTED_VALUE"""),"Empaqueta aplicaciones en contenedores utilizando Docker para garantizar portabilidad y consistencia entre entornos de desarrollo, pruebas y producción. ") -> Empaqueta aplicaciones en contenedores utilizando Docker para garantizar portabilidad y consistencia entre entornos de desarrollo, pruebas y producción. | C47: =IFERROR(__xludf.DUMMYFUNCTION("""COMPUTED_VALUE"""),"11 - Desarrollo de aplicaciones con Docker") -> 11 - Desarrollo de aplicaciones con Docker | D47: =IFERROR(__xludf.DUMMYFUNCTION("""COMPUTED_VALUE"""),"Fundamentos de Docker.") -> Fundamentos de Docker. | E47: =IFERROR(__xludf.DUMMYFUNCTION("""COMPUTED_VALUE"""),"Despliegue y escalabilidad de aplicaciones con Docker.") -> Despliegue y escalabilidad de aplicaciones con Docker. | F47: Sí | G47: Sí

Sheet TCO_Lab_Previo
B1: Que se impartio el en Curso Previo el Segundo Semestre 2025
B3: Nombre del Curso | C3: Sistemas de Bases de Datos 1
B4: Codigo del Curso | C4: {=IFERROR(_xlfn.XLOOKUP(TRIM(C3), Competencias_actuales!D15:D1000, Competencias_actuales!C15:C1000), "Código no encontrado")} -> 774 | H4: =C4&" - "&C3 -> 774 - Sistemas de Bases de Datos 1
B6: No | C6: Competencia | D6: Unidad | E6: Tema | F6: Subtema | G6: Mes | H6: Semana
B7: =IFERROR(__xludf.DUMMYFUNCTION("QUERY(IMPORTRANGE(VLOOKUP(H4,METADA!A:B,2,FALSE), ""Diseño Curricular!A4:G500""), )"),1.0) -> 1 | C7: =IFERROR(__xludf.DUMMYFUNCTION("""COMPUTED_VALUE"""),"Administra bases de datos relacionales utilizando herramientas de gestión como Oracle APEX y SQL Developer para mantener la disponibilidad, seguridad y eficiencia de los sistemas de información ") -> Administra bases de datos relacionales utilizando herramientas de gestión como Oracle APEX y SQL Developer para mantener la disponibilidad, seguridad y eficiencia de los sistemas de información | D7: =IFERROR(__xludf.DUMMYFUNCTION("""COMPUTED_VALUE"""),1.0) -> 1 | E7: =IFERROR(__xludf.DUMMYFUNCTION("""COMPUTED_VALUE"""),"Introducción a base de datos relacionales") -> Introducción a base de datos relacionales | F7: =IFERROR(__xludf.DUMMYFUNCTION("""COMPUTED_VALUE"""),"Bases de datos") -> Bases de datos | G7: =IFERROR(__xludf.DUMMYFUNCTION("""COMPUTED_VALUE"""),"Julio") -> Julio | H7: =IFERROR(__xludf.DUMMYFUNCTION("""COMPUTED_VALUE"""),1.0) -> 1
B8: =IFERROR(__xludf.DUMMYFUNCTION("""COMPUTED_VALUE"""),2.0) -> 2 | C8: =IFERROR(__xludf.DUMMYFUNCTION("""COMPUTED_VALUE"""),"Administra bases de datos relacionales utilizando herramientas de gestión como Oracle APEX y SQL Developer para mantener la disponibilidad, seguridad y eficiencia de los sistemas de información ") -> Administra bases de datos relacionales utilizando herramientas de gestión como Oracle APEX y SQL Developer para mantener la disponibilidad, seguridad y eficiencia de los sistemas de información | D8: =IFERROR(__xludf.DUMMYFUNCTION("""COMPUTED_VALUE"""),1.0) -> 1 | E8: =IFERROR(__xludf.DUMMYFUNCTION("""COMPUTED_VALUE"""),"Introducción a base de datos relacionales") -> Introducción a base de datos relacionales | F8: =IFERROR(__xludf.DUMMYFUNCTION("""COMPUTED_VALUE"""),"Tecnología de Base de Datos Relacional") -> Tecnología de Base de Datos Relacional | G8: =IFERROR(__xludf.DUMMYFUNCTION("""COMPUTED_VALUE"""),"Julio") -> Julio | H8: =IFERROR(__xludf.DUMMYFUNCTION("""COMPUTED_VALUE"""),1.0) -> 1
B9: =IFERROR(__xludf.DUMMYFUNCTION("""COMPUTED_VALUE"""),3.0) -> 3 | C9: =IFERROR(__xludf.DUMMYFUNCTION("""COMPUTED_VALUE"""),"Implementa consultas SQL usando gestores de bases de datos relacionales como Oracle APEX para recuperar, modificar y administrar información de manera segura y eficiente ") -> Implementa consultas SQL usando gestores de bases de datos relacionales como Oracle APEX para recuperar, modificar y administrar información de manera segura y eficiente | D9: =IFERROR(__xludf.DUMMYFUNCTION("""COMPUTED_VALUE"""),1.0) -> 1 | E9: =IFERROR(__xludf.DUMMYFUNCTION("""COMPUTED_VALUE"""),"Introducción a base de datos relacionales") -> Introducción a base de datos relacionales | F9: =IFERROR(__xludf.DUMMYFUNCTION("""COMPUTED_VALUE"""),"Anatomia de una sentencia SQL") -> Anatomia de una sentencia SQL | G9: =IFERROR(__xludf.DUMMYFUNCTION("""COMPUTED_VALUE"""),"Julio") -> Julio | H9: =IFERROR(__xludf.DUMMYFUNCTION("""COMPUTED_VALUE"""),1.0) -> 1
B10: =IFERROR(__xludf.DUMMYFUNCTION("""COMPUTED_VALUE"""),4.0) -> 4 | C10: =IFERROR(__xludf.DUMMYFUNCTION("""COMPUTED_VALUE"""),"Diseña modelos de bases de datos utilizando diagramas entidad-relación y normalización para garantizar integridad, consistencia y eficiencia en el acceso a los datos ") -> Diseña modelos de bases de datos utilizando diagramas entidad-relación y normalización para garantizar integridad, consistencia y eficiencia en el acceso a los datos | D10: =IFERROR(__xludf.DUMMYFUNCTION("""COMPUTED_VALUE"""),2.0) -> 2 | E10: =IFERROR(__xludf.DUMMYFUNCTION("""COMPUTED_VALUE"""),"Modelo Entidad-Relación") -> Modelo Entidad-Relación | F10: =IFERROR(__xludf.DUMMYFUNCTION("""COMPUTED_VALUE"""),"Modelo Conceptual") -> Modelo Conceptual | G10: =IFERROR(__xludf.DUMMYFUNCTION("""COMPUTED_VALUE"""),"Julio") -> Julio | H10: =IFERROR(__xludf.DUMMYFUNCTION("""COMPUTED_VALUE"""),2.0) -> 2
B11: =IFERROR(__xludf.DUMMYFUNCTION("""COMPUTED_VALUE"""),5.0) -> 5 | C11: =IFERROR(__xludf.DUMMYFUNCTION("""COMPUTED_VALUE"""),"Diseña modelos de bases de datos utilizando diagramas entidad-relación y normalización para garantizar integridad, consistencia y eficiencia en el acceso a los datos ") -> Diseña modelos de bases de datos utilizando diagramas entidad-relación y normalización para garantizar integridad, consistencia y eficiencia en el acceso a los datos | D11: =IFERROR(__xludf.DUMMYFUNCTION("""COMPUTED_VALUE"""),2.0) -> 2 | E11: =IFERROR(__xludf.DUMMYFUNCTION("""COMPUTED_VALUE"""),"Modelo Entidad-Relación") -> Modelo Entidad-Relación | F11: =IFERROR(__xludf.DUMMYFUNCTION("""COMPUTED_VALUE"""),"Modelo Lógico") -> Modelo Lógico | G11: =IFERROR(__xludf.DUMMYFUNCTION("""COMPUTED_VALUE"""),"Julio") -> Julio | H11: =IFERROR(__xludf.DUMMYFUNCTION("""COMPUTED_VALUE"""),2.0) -> 2
B12: =IFERROR(__xludf.DUMMYFUNCTION("""COMPUTED_VALUE"""),6.0) -> 6 | C12: =IFERROR(__xludf.DUMMYFUNCTION("""COMPUTED_VALUE"""),"Diseña modelos de bases de datos utilizando diagramas entidad-relación y normalización para garantizar integridad, consistencia y eficiencia en el acceso a los datos ") -> Diseña modelos de bases de datos utilizando diagramas entidad-relación y normalización para garantizar integridad, consistencia y eficiencia en el acceso a los datos | D12: =IFERROR(__xludf.DUMMYFUNCTION("""COMPUTED_VALUE"""),2.0) -> 2 | E12: =IFERROR(__xludf.DUMMYFUNCTION("""COMPUTED_VALUE"""),"Modelo Entidad-Relación") -> Modelo Entidad-Relación | F12: =IFERROR(__xludf.DUMMYFUNCTION("""COMPUTED_VALUE"""),"Relaciones y sus tipos") -> Relaciones y sus tipos | G12: =IFERROR(__xludf.DUMMYFUNCTION("""COMPUTED_VALUE"""),"Julio") -> Julio | H12: =IFERROR(__xludf.DUMMYFUNCTION("""COMPUTED_VALUE"""),2.0) -> 2
B13: =IFERROR(__xludf.DUMMYFUNCTION("""COMPUTED_VALUE"""),7.0) -> 7 | C13: =IFERROR(__xludf.DUMMYFUNCTION("""COMPUTED_VALUE"""),"Evalúa esquemas de bases de datos aplicando estándares de calidad y seguridad de la información con el fin de optimizar el desempeño y disponibilidad de los datos ") -> Evalúa esquemas de bases de datos aplicando estándares de calidad y seguridad de la información con el fin de optimizar el desempeño y disponibilidad de los datos | D13: =IFERROR(__xludf.DUMMYFUNCTION("""COMPUTED_VALUE"""),2.0) -> 2 | E13: =IFERROR(__xludf.DUMMYFUNCTION("""COMPUTED_VALUE"""),"Modelo Entidad-Relación") -> Modelo Entidad-Relación | F13: =IFERROR(__xludf.DUMMYFUNCTION("""COMPUTED_VALUE"""),"Modelo Físico") -> Modelo Físico | G13: =IFERROR(__xludf.DUMMYFUNCTION("""COMPUTED_VALUE"""),"Julio") -> Julio | H13: =IFERROR(__xludf.DUMMYFUNCTION("""COMPUTED_VALUE"""),2.0) -> 2
B14: =IFERROR(__xludf.DUMMYFUNCTION("""COMPUTED_VALUE"""),8.0) -> 8 | C14: =IFERROR(__xludf.DUMMYFUNCTION("""COMPUTED_VALUE"""),"Evalúa esquemas de bases de datos aplicando estándares de calidad y seguridad de la información con el fin de optimizar el desempeño y disponibilidad de los datos ") -> Evalúa esquemas de bases de datos aplicando estándares de calidad y seguridad de la información con el fin de optimizar el desempeño y disponibilidad de los datos | D14: =IFERROR(__xludf.DUMMYFUNCTION("""COMPUTED_VALUE"""),2.0) -> 2 | E14: =IFERROR(__xludf.DUMMYFUNCTION("""COMPUTED_VALUE"""),"Modelo Entidad-Relación") -> Modelo Entidad-Relación | F14: =IFERROR(__xludf.DUMMYFUNCTION("""COMPUTED_VALUE"""),"ERdish") -> ERdish | G14: =IFERROR(__xludf.DUMMYFUNCTION("""COMPUTED_VALUE"""),"Julio") -> Julio | H14: =IFERROR(__xludf.DUMMYFUNCTION("""COMPUTED_VALUE"""),2.0) -> 2
B15: =IFERROR(__xludf.DUMMYFUNCTION("""COMPUTED_VALUE"""),9.0) -> 9 | C15: =IFERROR(__xludf.DUMMYFUNCTION("""COMPUTED_VALUE"""),"Aplica conceptos de la teoría relacional conviertiendo los requerimientos funciones en tablas normalizadas con el fin de crear sistemas de almacenamiento que garanticen integridad, consistencia y eficiencia de los datos. ") -> Aplica conceptos de la teoría relacional conviertiendo los requerimientos funciones en tablas normalizadas con el fin de crear sistemas de almacenamiento que garanticen integridad, consistencia y eficiencia de los datos. | D15: =IFERROR(__xludf.DUMMYFUNCTION("""COMPUTED_VALUE"""),3.0) -> 3 | E15: =IFERROR(__xludf.DUMMYFUNCTION("""COMPUTED_VALUE"""),"Normalización Parte 1") -> Normalización Parte 1 | F15: =IFERROR(__xludf.DUMMYFUNCTION("""COMPUTED_VALUE"""),"Primera Forma Normal") -> Primera Forma Normal | G15: =IFERROR(__xludf.DUMMYFUNCTION("""COMPUTED_VALUE"""),"Agosto") -> Agosto | H15: =IFERROR(__xludf.DUMMYFUNCTION("""COMPUTED_VALUE"""),3.0) -> 3
B16: =IFERROR(__xludf.DUMMYFUNCTION("""COMPUTED_VALUE"""),10.0) -> 10 | C16: =IFERROR(__xludf.DUMMYFUNCTION("""COMPUTED_VALUE"""),"Diseña modelos de bases de datos utilizando diagramas entidad-relación y normalización para garantizar integridad, consistencia y eficiencia en el acceso a los datos ") -> Diseña modelos de bases de datos utilizando diagramas entidad-relación y normalización para garantizar integridad, consistencia y eficiencia en el acceso a los datos | D16: =IFERROR(__xludf.DUMMYFUNCTION("""COMPUTED_VALUE"""),3.0) -> 3 | E16: =IFERROR(__xludf.DUMMYFUNCTION("""COMPUTED_VALUE"""),"Normalización Parte 1") -> Normalización Parte 1 | F16: =IFERROR(__xludf.DUMMYFUNCTION("""COMPUTED_VALUE"""),"Segunda Forma Normal") -> Segunda Forma Normal | G16: =IFERROR(__xludf.DUMMYFUNCTION("""COMPUTED_VALUE"""),"Agosto") -> Agosto | H16: =IFERROR(__xludf.DUMMYFUNCTION("""COMPUTED_VALUE"""),3.0) -> 3
B17: =IFERROR(__xludf.DUMMYFUNCTION("""COMPUTED_VALUE"""),11.0) -> 11 | C17: =IFERROR(__xludf.DUMMYFUNCTION("""COMPUTED_VALUE"""),"Diseña modelos de bases de datos utilizando diagramas entidad-relación y normalización para garantizar integridad, consistencia y eficiencia en el acceso a los datos ") -> Diseña modelos de bases de datos utilizando diagramas entidad-relación y normalización para garantizar integridad, consistencia y eficiencia en el acceso a los datos | D17: =IFERROR(__xludf.DUMMYFUNCTION("""COMPUTED_VALUE"""),3.0) -> 3 | E17: =IFERROR(__xludf.DUMMYFUNCTION("""COMPUTED_VALUE"""),"Normalización Parte 1") -> Normalización Parte 1 | F17: =IFERROR(__xludf.DUMMYFUNCTION("""COMPUTED_VALUE"""),"Tipos de Datos") -> Tipos de Datos | G17: =IFERROR(__xludf.DUMMYFUNCTION("""COMPUTED_VALUE"""),"Agosto") -> Agosto | H17: =IFERROR(__xludf.DUMMYFUNCTION("""COMPUTED_VALUE"""),3.0) -> 3
B18: =IFERROR(__xludf.DUMMYFUNCTION("""COMPUTED_VALUE"""),12.0) -> 12 | C18: =IFERROR(__xludf.DUMMYFUNCTION("""COMPUTED_VALUE"""),"Diseña modelos de bases de datos utilizando diagramas entidad-relación y normalización para garantizar integridad, consistencia y eficiencia en el acceso a los datos ") -> Diseña modelos de bases de datos utilizando diagramas entidad-relación y normalización para garantizar integridad, consistencia y eficiencia en el acceso a los datos | D18: =IFERROR(__xludf.DUMMYFUNCTION("""COMPUTED_VALUE"""),3.0) -> 3 | E18: =IFERROR(__xludf.DUMMYFUNCTION("""COMPUTED_VALUE"""),"Normalización Parte 1") -> Normalización Parte 1 | F18: =IFERROR(__xludf.DUMMYFUNCTION("""COMPUTED_VALUE"""),"Creación de Tablas") -> Creación de Tablas | G18: =IFERROR(__xludf.DUMMYFUNCTION("""COMPUTED_VALUE"""),"Agosto") -> Agosto | H18: =IFERROR(__xludf.DUMMYFUNCTION("""COMPUTED_VALUE"""),3.0) -> 3
B19: =IFERROR(__xludf.DUMMYFUNCTION("""COMPUTED_VALUE"""),13.0) -> 13 | C19: =IFERROR(__xludf.DUMMYFUNCTION("""COMPUTED_VALUE"""),"Diseña modelos de bases de datos utilizando diagramas entidad-relación y normalización para garantizar integridad, consistencia y eficiencia en el acceso a los datos ") -> Diseña modelos de bases de datos utilizando diagramas entidad-relación y normalización para garantizar integridad, consistencia y eficiencia en el acceso a los datos | D19: =IFERROR(__xludf.DUMMYFUNCTION("""COMPUTED_VALUE"""),3.0) -> 3 | E19: =IFERROR(__xludf.DUMMYFUNCTION("""COMPUTED_VALUE"""),"Normalización Parte 1") -> Normalización Parte 1 | F19: =IFERROR(__xludf.DUMMYFUNCTION("""COMPUTED_VALUE"""),"Gestión de Tablas") -> Gestión de Tablas | G19: =IFERROR(__xludf.DUMMYFUNCTION("""COMPUTED_VALUE"""),"Agosto") -> Agosto | H19: =IFERROR(__xludf.DUMMYFUNCTION("""COMPUTED_VALUE"""),3.0) -> 3
B20: =IFERROR(__xludf.DUMMYFUNCTION("""COMPUTED_VALUE"""),14.0) -> 14 | C20: =IFERROR(__xludf.DUMMYFUNCTION("""COMPUTED_VALUE"""),"Aplica conceptos de la teoría relacional conviertiendo los requerimientos funciones en tablas normalizadas con el fin de crear sistemas de almacenamiento que garanticen integridad, consistencia y eficiencia de los datos. ") -> Aplica conceptos de la teoría relacional conviertiendo los requerimientos funciones en tablas normalizadas con el fin de crear sistemas de almacenamiento que garanticen integridad, consistencia y eficiencia de los datos. | D20: =IFERROR(__xludf.DUMMYFUNCTION("""COMPUTED_VALUE"""),4.0) -> 4 | E20: =IFERROR(__xludf.DUMMYFUNCTION("""COMPUTED_VALUE"""),"Normalización Parte 2") -> Normalización Parte 2 | F20: =IFERROR(__xludf.DUMMYFUNCTION("""COMPUTED_VALUE"""),"Tercera Forma Normal") -> Tercera Forma Normal | G20: =IFERROR(__xludf.DUMMYFUNCTION("""COMPUTED_VALUE"""),"Agosto") -> Agosto | H20: =IFERROR(__xludf.DUMMYFUNCTION("""COMPUTED_VALUE"""),4.0) -> 4
B21: =IFERROR(__xludf.DUMMYFUNCTION("""COMPUTED_VALUE"""),15.0) -> 15 | C21: =IFERROR(__xludf.DUMMYFUNCTION("""COMPUTED_VALUE"""),"Diseña modelos de bases de datos utilizando diagramas entidad-relación y normalización para garantizar integridad, consistencia y eficiencia en el acceso a los datos ") -> Diseña modelos de bases de datos utilizando diagramas entidad-relación y normalización para garantizar integridad, consistencia y eficiencia en el acceso a los datos | D21: =IFERROR(__xludf.DUMMYFUNCTION("""COMPUTED_VALUE"""),4.0) -> 4 | E21: =IFERROR(__xludf.DUMMYFUNCTION("""COMPUTED_VALUE"""),"Normalización Parte 2") -> Normalización Parte 2 | F21: =IFERROR(__xludf.DUMMYFUNCTION("""COMPUTED_VALUE"""),"Null y Not Null") -> Null y Not Null | G21: =IFERROR(__xludf.DUMMYFUNCTION("""COMPUTED_VALUE"""),"Agosto") -> Agosto | H21: =IFERROR(__xludf.DUMMYFUNCTION("""COMPUTED_VALUE"""),4.0) -> 4
B22: =IFERROR(__xludf.DUMMYFUNCTION("""COMPUTED_VALUE"""),16.0) -> 16 | C22: =IFERROR(__xludf.DUMMYFUNCTION("""COMPUTED_VALUE"""),"Diseña modelos de bases de datos utilizando diagramas entidad-relación y normalización para garantizar integridad, consistencia y eficiencia en el acceso a los datos ") -> Diseña modelos de bases de datos utilizando diagramas entidad-relación y normalización para garantizar integridad, consistencia y eficiencia en el acceso a los datos | D22: =IFERROR(__xludf.DUMMYFUNCTION("""COMPUTED_VALUE"""),4.0) -> 4 | E22: =IFERROR(__xludf.DUMMYFUNCTION("""COMPUTED_VALUE"""),"Normalización Parte 2") -> Normalización Parte 2 | F22: =IFERROR(__xludf.DUMMYFUNCTION("""COMPUTED_VALUE"""),"Llaves primarias y Check") -> Llaves primarias y Check | G22: =IFERROR(__xludf.DUMMYFUNCTION("""COMPUTED_VALUE"""),"Agosto") -> Agosto | H22: =IFERROR(__xludf.DUMMYFUNCTION("""COMPUTED_VALUE"""),4.0) -> 4
B23: =IFERROR(__xludf.DUMMYFUNCTION("""COMPUTED_VALUE"""),17.0) -> 17 | C23: =IFERROR(__xludf.DUMMYFUNCTION("""COMPUTED_VALUE"""),"Evalúa esquemas de bases de datos aplicando estándares de calidad y seguridad de la información con el fin de optimizar el desempeño y disponibilidad de los datos ") -> Evalúa esquemas de bases de datos aplicando estándares de calidad y seguridad de la información con el fin de optimizar el desempeño y disponibilidad de los datos | D23: =IFERROR(__xludf.DUMMYFUNCTION("""COMPUTED_VALUE"""),4.0) -> 4 | E23: =IFERROR(__xludf.DUMMYFUNCTION("""COMPUTED_VALUE"""),"Normalización Parte 2") -> Normalización Parte 2 | F23: =IFERROR(__xludf.DUMMYFUNCTION("""COMPUTED_VALUE"""),"Gestión de Restricciones") -> Gestión de Restricciones | G23: =IFERROR(__xludf.DUMMYFUNCTION("""COMPUTED_VALUE"""),"Agosto") -> Agosto | H23: =IFERROR(__xludf.DUMMYFUNCTION("""COMPUTED_VALUE"""),4.0) -> 4
B24: =IFERROR(__xludf.DUMMYFUNCTION("""COMPUTED_VALUE"""),18.0) -> 18 | C24: =IFERROR(__xludf.DUMMYFUNCTION("""COMPUTED_VALUE"""),"Desarrolla soluciones de almacenamiento de datos integrando herramientas de gestión de bases de datos y programación de consultas para resolver necesidades específicas de gestión de información organizacional ") -> Desarrolla soluciones de almacenamiento de datos integrando herramientas de gestión de bases de datos y programación de consultas para resolver necesidades específicas de gestión de información organizacional | D24: =IFERROR(__xludf.DUMMYFUNCTION("""COMPUTED_VALUE"""),5.0) -> 5 | E24: =IFERROR(__xludf.DUMMYFUNCTION("""COMPUTED_VALUE"""),"Consultas") -> Consultas | F24: =IFERROR(__xludf.DUMMYFUNCTION("""COMPUTED_VALUE"""),"Concatenicación") -> Concatenicación | G24: =IFERROR(__xludf.DUMMYFUNCTION("""COMPUTED_VALUE"""),"Agosto") -> Agosto | H24: =IFERROR(__xludf.DUMMYFUNCTION("""COMPUTED_VALUE"""),5.0) -> 5
B25: =IFERROR(__xludf.DUMMYFUNCTION("""COMPUTED_VALUE"""),19.0) -> 19 | C25: =IFERROR(__xludf.DUMMYFUNCTION("""COMPUTED_VALUE"""),"Implementa consultas SQL usando gestores de bases de datos relacionales como Oracle APEX para recuperar, modificar y administrar información de manera segura y eficiente ") -> Implementa consultas SQL usando gestores de bases de datos relacionales como Oracle APEX para recuperar, modificar y administrar información de manera segura y eficiente | D25: =IFERROR(__xludf.DUMMYFUNCTION("""COMPUTED_VALUE"""),5.0) -> 5 | E25: =IFERROR(__xludf.DUMMYFUNCTION("""COMPUTED_VALUE"""),"Consultas") -> Consultas | F25: =IFERROR(__xludf.DUMMYFUNCTION("""COMPUTED_VALUE"""),"Comparadores y Comparadores Lógicos") -> Comparadores y Comparadores Lógicos | G25: =IFERROR(__xludf.DUMMYFUNCTION("""COMPUTED_VALUE"""),"Agosto") -> Agosto | H25: =IFERROR(__xludf.DUMMYFUNCTION("""COMPUTED_VALUE"""),5.0) -> 5
B26: =IFERROR(__xludf.DUMMYFUNCTION("""COMPUTED_VALUE"""),20.0) -> 20 | C26: =IFERROR(__xludf.DUMMYFUNCTION("""COMPUTED_VALUE"""),"Implementa consultas SQL usando gestores de bases de datos relacionales como Oracle APEX para recuperar, modificar y administrar información de manera segura y eficiente ") -> Implementa consultas SQL usando gestores de bases de datos relacionales como Oracle APEX para recuperar, modificar y administrar información de manera segura y eficiente | D26: =IFERROR(__xludf.DUMMYFUNCTION("""COMPUTED_VALUE"""),5.0) -> 5 | E26: =IFERROR(__xludf.DUMMYFUNCTION("""COMPUTED_VALUE"""),"Consultas") -> Consultas | F26: =IFERROR(__xludf.DUMMYFUNCTION("""COMPUTED_VALUE"""),"Where") -> Where | G26: =IFERROR(__xludf.DUMMYFUNCTION("""COMPUTED_VALUE"""),"Agosto") -> Agosto | H26: =IFERROR(__xludf.DUMMYFUNCTION("""COMPUTED_VALUE"""),5.0) -> 5
B27: =IFERROR(__xludf.DUMMYFUNCTION("""COMPUTED_VALUE"""),21.0) -> 21 | C27: =IFERROR(__xludf.DUMMYFUNCTION("""COMPUTED_VALUE"""),"Implementa consultas SQL usando gestores de bases de datos relacionales como Oracle APEX para recuperar, modificar y administrar información de manera segura y eficiente ") -> Implementa consultas SQL usando gestores de bases de datos relacionales como Oracle APEX para recuperar, modificar y administrar información de manera segura y eficiente | D27: =IFERROR(__xludf.DUMMYFUNCTION("""COMPUTED_VALUE"""),5.0) -> 5 | E27: =IFERROR(__xludf.DUMMYFUNCTION("""COMPUTED_VALUE"""),"Consultas") -> Consultas | F27: =IFERROR(__xludf.DUMMYFUNCTION("""COMPUTED_VALUE"""),"Order By") -> Order By | G27: =IFERROR(__xludf.DUMMYFUNCTION("""COMPUTED_VALUE"""),"Agosto") -> Agosto | H27: =IFERROR(__xludf.DUMMYFUNCTION("""COMPUTED_VALUE"""),5.0) -> 5
B28: =IFERROR(__xludf.DUMMYFUNCTION("""COMPUTED_VALUE"""),22.0) -> 22 | C28: =IFERROR(__xludf.DUMMYFUNCTION("""COMPUTED_VALUE"""),"Implementa consultas SQL usando gestores de bases de datos relacionales como Oracle APEX para recuperar, modificar y administrar información de manera segura y eficiente ") -> Implementa consultas SQL usando gestores de bases de datos relacionales como Oracle APEX para recuperar, modificar y administrar información de manera segura y eficiente | D28: =IFERROR(__xludf.DUMMYFUNCTION("""COMPUTED_VALUE"""),5.0) -> 5 | E28: =IFERROR(__xludf.DUMMYFUNCTION("""COMPUTED_VALUE"""),"Consultas") -> Consultas | F28: =IFERROR(__xludf.DUMMYFUNCTION("""COMPUTED_VALUE"""),"Insert") -> Insert | G28: =IFERROR(__xludf.DUMMYFUNCTION("""COMPUTED_VALUE"""),"Agosto") -> Agosto | H28: =IFERROR(__xludf.DUMMYFUNCTION("""COMPUTED_VALUE"""),5.0) -> 5
B29: =IFERROR(__xludf.DUMMYFUNCTION("""COMPUTED_VALUE"""),23.0) -> 23 | C29: =IFERROR(__xludf.DUMMYFUNCTION("""COMPUTED_VALUE"""),"Implementa consultas SQL usando gestores de bases de datos relacionales como Oracle APEX para recuperar, modificar y administrar información de manera segura y eficiente ") -> Implementa consultas SQL usando gestores de bases de datos relacionales como Oracle APEX para recuperar, modificar y administrar información de manera segura y eficiente | D29: =IFERROR(__xludf.DUMMYFUNCTION("""COMPUTED_VALUE"""),5.0) -> 5 | E29: =IFERROR(__xludf.DUMMYFUNCTION("""COMPUTED_VALUE"""),"Consultas") -> Consultas | F29: =IFERROR(__xludf.DUMMYFUNCTION("""COMPUTED_VALUE"""),"Delete y Update") -> Delete y Update | G29: =IFERROR(__xludf.DUMMYFUNCTION("""COMPUTED_VALUE"""),"Agosto") -> Agosto | H29: =IFERROR(__xludf.DUMMYFUNCTION("""COMPUTED_VALUE"""),5.0) -> 5
B30: =IFERROR(__xludf.DUMMYFUNCTION("""COMPUTED_VALUE"""),24.0) -> 24 | C30: =IFERROR(__xludf.DUMMYFUNCTION("""COMPUTED_VALUE"""),"Evalúa esquemas de bases de datos aplicando estándares de calidad y seguridad de la información con el fin de optimizar el desempeño y disponibilidad de los datos ") -> Evalúa esquemas de bases de datos aplicando estándares de calidad y seguridad de la información con el fin de optimizar el desempeño y disponibilidad de los datos | D30: =IFERROR(__xludf.DUMMYFUNCTION("""COMPUTED_VALUE"""),6.0) -> 6 | E30: =IFERROR(__xludf.DUMMYFUNCTION("""COMPUTED_VALUE"""),"Seguridad en las Bases de Datos") -> Seguridad en las Bases de Datos | F30: =IFERROR(__xludf.DUMMYFUNCTION("""COMPUTED_VALUE"""),"Transacciones de una base de datos. (TCL)") -> Transacciones de una base de datos. (TCL) | G30: =IFERROR(__xludf.DUMMYFUNCTION("""COMPUTED_VALUE"""),"Agosto") -> Agosto | H30: =IFERROR(__xludf.DUMMYFUNCTION("""COMPUTED_VALUE"""),6.0) -> 6
B31: =IFERROR(__xludf.DUMMYFUNCTION("""COMPUTED_VALUE"""),25.0) -> 25 | C31: =IFERROR(__xludf.DUMMYFUNCTION("""COMPUTED_VALUE"""),"Implementa consultas SQL usando gestores de bases de datos relacionales como Oracle APEX para recuperar, modificar y administrar información de manera segura y eficiente ") -> Implementa consultas SQL usando gestores de bases de datos relacionales como Oracle APEX para recuperar, modificar y administrar información de manera segura y eficiente | D31: =IFERROR(__xludf.DUMMYFUNCTION("""COMPUTED_VALUE"""),6.0) -> 6 | E31: =IFERROR(__xludf.DUMMYFUNCTION("""COMPUTED_VALUE"""),"Seguridad en las Bases de Datos") -> Seguridad en las Bases de Datos | F31: =IFERROR(__xludf.DUMMYFUNCTION("""COMPUTED_VALUE"""),"Control de acceso a los usuarios") -> Control de acceso a los usuarios | G31: =IFERROR(__xludf.DUMMYFUNCTION("""COMPUTED_VALUE"""),"Agosto") -> Agosto | H31: =IFERROR(__xludf.DUMMYFUNCTION("""COMPUTED_VALUE"""),6.0) -> 6
B32: =IFERROR(__xludf.DUMMYFUNCTION("""COMPUTED_VALUE"""),26.0) -> 26 | C32: =IFERROR(__xludf.DUMMYFUNCTION("""COMPUTED_VALUE"""),"Implementa consultas SQL usando gestores de bases de datos relacionales como Oracle APEX para recuperar, modificar y administrar información de manera segura y eficiente ") -> Implementa consultas SQL usando gestores de bases de datos relacionales como Oracle APEX para recuperar, modificar y administrar información de manera segura y eficiente | D32: =IFERROR(__xludf.DUMMYFUNCTION("""COMPUTED_VALUE"""),6.0) -> 6 | E32: =IFERROR(__xludf.DUMMYFUNCTION("""COMPUTED_VALUE"""),"Seguridad en las Bases de Datos") -> Seguridad en las Bases de Datos | F32: =IFERROR(__xludf.DUMMYFUNCTION("""COMPUTED_VALUE"""),"Creación y revocación de privilegios") -> Creación y revocación de privilegios | G32: =IFERROR(__xludf.DUMMYFUNCTION("""COMPUTED_VALUE"""),"Agosto") -> Agosto | H32: =IFERROR(__xludf.DUMMYFUNCTION("""COMPUTED_VALUE"""),6.0) -> 6
B33: =IFERROR(__xludf.DUMMYFUNCTION("""COMPUTED_VALUE"""),27.0) -> 27 | C33: =IFERROR(__xludf.DUMMYFUNCTION("""COMPUTED_VALUE"""),"Administra bases de datos relacionales utilizando herramientas de gestión como Oracle APEX y SQL Developer para mantener la disponibilidad, seguridad y eficiencia de los sistemas de información ") -> Administra bases de datos relacionales utilizando herramientas de gestión como Oracle APEX y SQL Developer para mantener la disponibilidad, seguridad y eficiencia de los sistemas de información | D33: =IFERROR(__xludf.DUMMYFUNCTION("""COMPUTED_VALUE"""),6.0) -> 6 | E33: =IFERROR(__xludf.DUMMYFUNCTION("""COMPUTED_VALUE"""),"Seguridad en las Bases de Datos") -> Seguridad en las Bases de Datos | F33: =IFERROR(__xludf.DUMMYFUNCTION("""COMPUTED_VALUE"""),"Expresiones regulares") -> Expresiones regulares | G33: =IFERROR(__xludf.DUMMYFUNCTION("""COMPUTED_VALUE"""),"Agosto") -> Agosto | H33: =IFERROR(__xludf.DUMMYFUNCTION("""COMPUTED_VALUE"""),6.0) -> 6
B34: =IFERROR(__xludf.DUMMYFUNCTION("""COMPUTED_VALUE"""),46.0) -> 46 | C34: =IFERROR(__xludf.DUMMYFUNCTION("""COMPUTED_VALUE"""),"Implementa consultas SQL usando gestores de bases de datos relacionales como Oracle APEX para recuperar, modificar y administrar información de manera segura y eficiente ") -> Implementa consultas SQL usando gestores de bases de datos relacionales como Oracle APEX para recuperar, modificar y administrar información de manera segura y eficiente | E34: =IFERROR(__xludf.DUMMYFUNCTION("""COMPUTED_VALUE"""),"JOIN Parte I") -> JOIN Parte I | F34: =IFERROR(__xludf.DUMMYFUNCTION("""COMPUTED_VALUE"""),"Uniones Cruzadas y Uniones Naturales") -> Uniones Cruzadas y Uniones Naturales | G34: =IFERROR(__xludf.DUMMYFUNCTION("""COMPUTED_VALUE"""),"Septiembre") -> Septiembre | H34: =IFERROR(__xludf.DUMMYFUNCTION("""COMPUTED_VALUE"""),7.0) -> 7
B35: =IFERROR(__xludf.DUMMYFUNCTION("""COMPUTED_VALUE"""),47.0) -> 47 | C35: =IFERROR(__xludf.DUMMYFUNCTION("""COMPUTED_VALUE"""),"Implementa consultas SQL usando gestores de bases de datos relacionales como Oracle APEX para recuperar, modificar y administrar información de manera segura y eficiente ") -> Implementa consultas SQL usando gestores de bases de datos relacionales como Oracle APEX para recuperar, modificar y administrar información de manera segura y eficiente | E35: =IFERROR(__xludf.DUMMYFUNCTION("""COMPUTED_VALUE"""),"JOIN Parte I") -> JOIN Parte I | F35: =IFERROR(__xludf.DUMMYFUNCTION("""COMPUTED_VALUE"""),"Cláusulas de Unión") -> Cláusulas de Unión | G35: =IFERROR(__xludf.DUMMYFUNCTION("""COMPUTED_VALUE"""),"Septiembre") -> Septiembre | H35: =IFERROR(__xludf.DUMMYFUNCTION("""COMPUTED_VALUE"""),7.0) -> 7
B36: =IFERROR(__xludf.DUMMYFUNCTION("""COMPUTED_VALUE"""),48.0) -> 48 | C36: =IFERROR(__xludf.DUMMYFUNCTION("""COMPUTED_VALUE"""),"Implementa consultas SQL usando gestores de bases de datos relacionales como Oracle APEX para recuperar, modificar y administrar información de manera segura y eficiente ") -> Implementa consultas SQL usando gestores de bases de datos relacionales como Oracle APEX para recuperar, modificar y administrar información de manera segura y eficiente | E36: =IFERROR(__xludf.DUMMYFUNCTION("""COMPUTED_VALUE"""),"JOIN Parte I") -> JOIN Parte I | F36: =IFERROR(__xludf.DUMMYFUNCTION("""COMPUTED_VALUE"""),"Uniones Internas frente a Uniones Externas") -> Uniones Internas frente a Uniones Externas | G36: =IFERROR(__xludf.DUMMYFUNCTION("""COMPUTED_VALUE"""),"Septiembre") -> Septiembre | H36: =IFERROR(__xludf.DUMMYFUNCTION("""COMPUTED_VALUE"""),7.0) -> 7
B37: =IFERROR(__xludf.DUMMYFUNCTION("""COMPUTED_VALUE"""),49.0) -> 49 | C37: =IFERROR(__xludf.DUMMYFUNCTION("""COMPUTED_VALUE"""),"Implementa consultas SQL usando gestores de bases de datos relacionales como Oracle APEX para recuperar, modificar y administrar información de manera segura y eficiente ") -> Implementa consultas SQL usando gestores de bases de datos relacionales como Oracle APEX para recuperar, modificar y administrar información de manera segura y eficiente | E37: =IFERROR(__xludf.DUMMYFUNCTION("""COMPUTED_VALUE"""),"JOIN Parte I") -> JOIN Parte I | F37: =IFERROR(__xludf.DUMMYFUNCTION("""COMPUTED_VALUE"""),"Autouniones y Consultas Jerárquicas") -> Autouniones y Consultas Jerárquicas | G37: =IFERROR(__xludf.DUMMYFUNCTION("""COMPUTED_VALUE"""),"Septiembre") -> Septiembre | H37: =IFERROR(__xludf.DUMMYFUNCTION("""COMPUTED_VALUE"""),7.0) -> 7
B38: =IFERROR(__xludf.DUMMYFUNCTION("""COMPUTED_VALUE"""),53.0) -> 53 | C38: =IFERROR(__xludf.DUMMYFUNCTION("""COMPUTED_VALUE"""),"Implementa consultas SQL usando gestores de bases de datos relacionales como Oracle APEX para recuperar, modificar y administrar información de manera segura y eficiente ") -> Implementa consultas SQL usando gestores de bases de datos relacionales como Oracle APEX para recuperar, modificar y administrar información de manera segura y eficiente | E38: =IFERROR(__xludf.DUMMYFUNCTION("""COMPUTED_VALUE"""),"JOIN Parte II") -> JOIN Parte II | F38: =IFERROR(__xludf.DUMMYFUNCTION("""COMPUTED_VALUE"""),"Unión Igualitaria y Producto Cartesiano de Oracle") -> Unión Igualitaria y Producto Cartesiano de Oracle | G38: =IFERROR(__xludf.DUMMYFUNCTION("""COMPUTED_VALUE"""),"Septiembre") -> Septiembre | H38: =IFERROR(__xludf.DUMMYFUNCTION("""COMPUTED_VALUE"""),8.0) -> 8
B39: =IFERROR(__xludf.DUMMYFUNCTION("""COMPUTED_VALUE"""),54.0) -> 54 | C39: =IFERROR(__xludf.DUMMYFUNCTION("""COMPUTED_VALUE"""),"Implementa consultas SQL usando gestores de bases de datos relacionales como Oracle APEX para recuperar, modificar y administrar información de manera segura y eficiente ") -> Implementa consultas SQL usando gestores de bases de datos relacionales como Oracle APEX para recuperar, modificar y administrar información de manera segura y eficiente | E39: =IFERROR(__xludf.DUMMYFUNCTION("""COMPUTED_VALUE"""),"JOIN Parte II") -> JOIN Parte II | F39: =IFERROR(__xludf.DUMMYFUNCTION("""COMPUTED_VALUE"""),"Uniones No Igualitarias y Uniones Externas de Oracle") -> Uniones No Igualitarias y Uniones Externas de Oracle | G39: =IFERROR(__xludf.DUMMYFUNCTION("""COMPUTED_VALUE"""),"Septiembre") -> Septiembre | H39: =IFERROR(__xludf.DUMMYFUNCTION("""COMPUTED_VALUE"""),8.0) -> 8
B40: =IFERROR(__xludf.DUMMYFUNCTION("""COMPUTED_VALUE"""),60.0) -> 60 | C40: =IFERROR(__xludf.DUMMYFUNCTION("""COMPUTED_VALUE"""),"Implementa consultas SQL usando gestores de bases de datos relacionales como Oracle APEX para recuperar, modificar y administrar información de manera segura y eficiente ") -> Implementa consultas SQL usando gestores de bases de datos relacionales como Oracle APEX para recuperar, modificar y administrar información de manera segura y eficiente | E40: =IFERROR(__xludf.DUMMYFUNCTION("""COMPUTED_VALUE"""),"Funciones de Una Sola Fila") -> Funciones de Una Sola Fila | F40: =IFERROR(__xludf.DUMMYFUNCTION("""COMPUTED_VALUE"""),"Manipulación de Mayúsculas/Minúsculas y de Caracteres") -> Manipulación de Mayúsculas/Minúsculas y de Caracteres | G40: =IFERROR(__xludf.DUMMYFUNCTION("""COMPUTED_VALUE"""),"Septiembre") -> Septiembre | H40: =IFERROR(__xludf.DUMMYFUNCTION("""COMPUTED_VALUE"""),9.0) -> 9
B41: =IFERROR(__xludf.DUMMYFUNCTION("""COMPUTED_VALUE"""),61.0) -> 61 | C41: =IFERROR(__xludf.DUMMYFUNCTION("""COMPUTED_VALUE"""),"Implementa consultas SQL usando gestores de bases de datos relacionales como Oracle APEX para recuperar, modificar y administrar información de manera segura y eficiente ") -> Implementa consultas SQL usando gestores de bases de datos relacionales como Oracle APEX para recuperar, modificar y administrar información de manera segura y eficiente | E41: =IFERROR(__xludf.DUMMYFUNCTION("""COMPUTED_VALUE"""),"Funciones de Una Sola Fila") -> Funciones de Una Sola Fila | F41: =IFERROR(__xludf.DUMMYFUNCTION("""COMPUTED_VALUE"""),"Funciones Numéricas") -> Funciones Numéricas | G41: =IFERROR(__xludf.DUMMYFUNCTION("""COMPUTED_VALUE"""),"Septiembre") -> Septiembre | H41: =IFERROR(__xludf.DUMMYFUNCTION("""COMPUTED_VALUE"""),9.0) -> 9
B42: =IFERROR(__xludf.DUMMYFUNCTION("""COMPUTED_VALUE"""),62.0) -> 62 | C42: =IFERROR(__xludf.DUMMYFUNCTION("""COMPUTED_VALUE"""),"Implementa consultas SQL usando gestores de bases de datos relacionales como Oracle APEX para recuperar, modificar y administrar información de manera segura y eficiente ") -> Implementa consultas SQL usando gestores de bases de datos relacionales como Oracle APEX para recuperar, modificar y administrar información de manera segura y eficiente | E42: =IFERROR(__xludf.DUMMYFUNCTION("""COMPUTED_VALUE"""),"Funciones de Una Sola Fila") -> Funciones de Una Sola Fila | F42: =IFERROR(__xludf.DUMMYFUNCTION("""COMPUTED_VALUE"""),"Funciones de Fecha") -> Funciones de Fecha | G42: =IFERROR(__xludf.DUMMYFUNCTION("""COMPUTED_VALUE"""),"Septiembre") -> Septiembre | H42: =IFERROR(__xludf.DUMMYFUNCTION("""COMPUTED_VALUE"""),9.0) -> 9
B43: =IFERROR(__xludf.DUMMYFUNCTION("""COMPUTED_VALUE"""),63.0) -> 63 | C43: =IFERROR(__xludf.DUMMYFUNCTION("""COMPUTED_VALUE"""),"Implementa consultas SQL usando gestores de bases de datos relacionales como Oracle APEX para recuperar, modificar y administrar información de manera segura y eficiente ") -> Implementa consultas SQL usando gestores de bases de datos relacionales como Oracle APEX para recuperar, modificar y administrar información de manera segura y eficiente | E43: =IFERROR(__xludf.DUMMYFUNCTION("""COMPUTED_VALUE"""),"Funciones de Una Sola Fila") -> Funciones de Una Sola Fila | F43: =IFERROR(__xludf.DUMMYFUNCTION("""COMPUTED_VALUE"""),"Funciones de Conversión") -> Funciones de Conversión | G43: =IFERROR(__xludf.DUMMYFUNCTION("""COMPUTED_VALUE"""),"Septiembre") -> Septiembre | H43: =IFERROR(__xludf.DUMMYFUNCTION("""COMPUTED_VALUE"""),9.0) -> 9
B44: =IFERROR(__xludf.DUMMYFUNCTION("""COMPUTED_VALUE"""),64.0) -> 64 | C44: =IFERROR(__xludf.DUMMYFUNCTION("""COMPUTED_VALUE"""),"Implementa consultas SQL usando gestores de bases de datos relacionales como Oracle APEX para recuperar, modificar y administrar información de manera segura y eficiente ") -> Implementa consultas SQL usando gestores de bases de datos relacionales como Oracle APEX para recuperar, modificar y administrar información de manera segura y eficiente | E44: =IFERROR(__xludf.DUMMYFUNCTION("""COMPUTED_VALUE"""),"Funciones de Una Sola Fila") -> Funciones de Una Sola Fila | F44: =IFERROR(__xludf.DUMMYFUNCTION("""COMPUTED_VALUE"""),"Funciones NULL") -> Funciones NULL | G44: =IFERROR(__xludf.DUMMYFUNCTION("""COMPUTED_VALUE"""),"Septiembre") -> Septiembre | H44: =IFERROR(__xludf.DUMMYFUNCTION("""COMPUTED_VALUE"""),9.0) -> 9
B45: =IFERROR(__xludf.DUMMYFUNCTION("""COMPUTED_VALUE"""),65.0) -> 65 | C45: =IFERROR(__xludf.DUMMYFUNCTION("""COMPUTED_VALUE"""),"Implementa consultas SQL usando gestores de bases de datos relacionales como Oracle APEX para recuperar, modificar y administrar información de manera segura y eficiente ") -> Implementa consultas SQL usando gestores de bases de datos relacionales como Oracle APEX para recuperar, modificar y administrar información de manera segura y eficiente | E45: =IFERROR(__xludf.DUMMYFUNCTION("""COMPUTED_VALUE"""),"Funciones de Una Sola Fila") -> Funciones de Una Sola Fila | F45: =IFERROR(__xludf.DUMMYFUNCTION("""COMPUTED_VALUE"""),"Expresiones Condicionales") -> Expresiones Condicionales | G45: =IFERROR(__xludf.DUMMYFUNCTION("""COMPUTED_VALUE"""),"Septiembre") -> Septiembre | H45: =IFERROR(__xludf.DUMMYFUNCTION("""COMPUTED_VALUE"""),9.0) -> 9
B46: =IFERROR(__xludf.DUMMYFUNCTION("""COMPUTED_VALUE"""),69.0) -> 69 | C46: =IFERROR(__xludf.DUMMYFUNCTION("""COMPUTED_VALUE"""),"Implementa consultas SQL usando gestores de bases de datos relacionales como Oracle APEX para recuperar, modificar y administrar información de manera segura y eficiente ") -> Implementa consultas SQL usando gestores de bases de datos relacionales como Oracle APEX para recuperar, modificar y administrar información de manera segura y eficiente | E46: =IFERROR(__xludf.DUMMYFUNCTION("""COMPUTED_VALUE"""),"Funciones de Grupo Parte I") -> Funciones de Grupo Parte I | F46: =IFERROR(__xludf.DUMMYFUNCTION("""COMPUTED_VALUE"""),"Funciones de Grupo") -> Funciones de Grupo | G46: =IFERROR(__xludf.DUMMYFUNCTION("""COMPUTED_VALUE"""),"Septiembre") -> Septiembre | H46: =IFERROR(__xludf.DUMMYFUNCTION("""COMPUTED_VALUE"""),10.0) -> 10
B47: =IFERROR(__xludf.DUMMYFUNCTION("""COMPUTED_VALUE"""),70.0) -> 70 | C47: =IFERROR(__xludf.DUMMYFUNCTION("""COMPUTED_VALUE"""),"Implementa consultas SQL usando gestores de bases de datos relacionales como Oracle APEX para recuperar, modificar y administrar información de manera segura y eficiente ") -> Implementa consultas SQL usando gestores de bases de datos relacionales como Oracle APEX para recuperar, modificar y administrar información de manera segura y eficiente | E47: =IFERROR(__xludf.DUMMYFUNCTION("""COMPUTED_VALUE"""),"Funciones de Grupo Parte I") -> Funciones de Grupo Parte I | F47: =IFERROR(__xludf.DUMMYFUNCTION("""COMPUTED_VALUE"""),"COUNT, DISTINCT, NVL") -> COUNT, DISTINCT, NVL | G47: =IFERROR(__xludf.DUMMYFUNCTION("""COMPUTED_VALUE"""),"Septiembre") -> Septiembre | H47: =IFERROR(__xludf.DUMMYFUNCTION("""COMPUTED_VALUE"""),10.0) -> 10
B48: =IFERROR(__xludf.DUMMYFUNCTION("""COMPUTED_VALUE"""),71.0) -> 71 | C48: =IFERROR(__xludf.DUMMYFUNCTION("""COMPUTED_VALUE"""),"Implementa consultas SQL usando gestores de bases de datos relacionales como Oracle APEX para recuperar, modificar y administrar información de manera segura y eficiente ") -> Implementa consultas SQL usando gestores de bases de datos relacionales como Oracle APEX para recuperar, modificar y administrar información de manera segura y eficiente | E48: =IFERROR(__xludf.DUMMYFUNCTION("""COMPUTED_VALUE"""),"Funciones de Grupo Parte II") -> Funciones de Grupo Parte II | F48: =IFERROR(__xludf.DUMMYFUNCTION("""COMPUTED_VALUE"""),"Uso de las Cláusulas Group By y Having") -> Uso de las Cláusulas Group By y Having | G48: =IFERROR(__xludf.DUMMYFUNCTION("""COMPUTED_VALUE"""),"Septiembre") -> Septiembre | H48: =IFERROR(__xludf.DUMMYFUNCTION("""COMPUTED_VALUE"""),10.0) -> 10
B49: =IFERROR(__xludf.DUMMYFUNCTION("""COMPUTED_VALUE"""),72.0) -> 72 | C49: =IFERROR(__xludf.DUMMYFUNCTION("""COMPUTED_VALUE"""),"Implementa consultas SQL usando gestores de bases de datos relacionales como Oracle APEX para recuperar, modificar y administrar información de manera segura y eficiente ") -> Implementa consultas SQL usando gestores de bases de datos relacionales como Oracle APEX para recuperar, modificar y administrar información de manera segura y eficiente | E49: =IFERROR(__xludf.DUMMYFUNCTION("""COMPUTED_VALUE"""),"Funciones de Grupo Parte II") -> Funciones de Grupo Parte II | F49: =IFERROR(__xludf.DUMMYFUNCTION("""COMPUTED_VALUE"""),"Uso de las Operaciones Rollup y Cube, y Grouping Sets") -> Uso de las Operaciones Rollup y Cube, y Grouping Sets | G49: =IFERROR(__xludf.DUMMYFUNCTION("""COMPUTED_VALUE"""),"Septiembre") -> Septiembre | H49: =IFERROR(__xludf.DUMMYFUNCTION("""COMPUTED_VALUE"""),10.0) -> 10
B50: =IFERROR(__xludf.DUMMYFUNCTION("""COMPUTED_VALUE"""),73.0) -> 73 | C50: =IFERROR(__xludf.DUMMYFUNCTION("""COMPUTED_VALUE"""),"Implementa consultas SQL usando gestores de bases de datos relacionales como Oracle APEX para recuperar, modificar y administrar información de manera segura y eficiente ") -> Implementa consultas SQL usando gestores de bases de datos relacionales como Oracle APEX para recuperar, modificar y administrar información de manera segura y eficiente | E50: =IFERROR(__xludf.DUMMYFUNCTION("""COMPUTED_VALUE"""),"Funciones de Grupo Parte II") -> Funciones de Grupo Parte II | F50: =IFERROR(__xludf.DUMMYFUNCTION("""COMPUTED_VALUE"""),"Uso de los Operadores SET") -> Uso de los Operadores SET | G50: =IFERROR(__xludf.DUMMYFUNCTION("""COMPUTED_VALUE"""),"Septiembre") -> Septiembre | H50: =IFERROR(__xludf.DUMMYFUNCTION("""COMPUTED_VALUE"""),10.0) -> 10
B51: =IFERROR(__xludf.DUMMYFUNCTION("""COMPUTED_VALUE"""),77.0) -> 77 | C51: =IFERROR(__xludf.DUMMYFUNCTION("""COMPUTED_VALUE"""),"Desarrolla soluciones de almacenamiento de datos integrando herramientas de gestión de bases de datos y programación de consultas para resolver necesidades específicas de gestión de información organizacional ") -> Desarrolla soluciones de almacenamiento de datos integrando herramientas de gestión de bases de datos y programación de consultas para resolver necesidades específicas de gestión de información organizacional | E51: =IFERROR(__xludf.DUMMYFUNCTION("""COMPUTED_VALUE"""),"Funciones ") -> Funciones | F51: =IFERROR(__xludf.DUMMYFUNCTION("""COMPUTED_VALUE"""),"Qué son las funciones y su sintaxis") -> Qué son las funciones y su sintaxis | G51: =IFERROR(__xludf.DUMMYFUNCTION("""COMPUTED_VALUE"""),"Octubre") -> Octubre | H51: =IFERROR(__xludf.DUMMYFUNCTION("""COMPUTED_VALUE"""),11.0) -> 11
B52: =IFERROR(__xludf.DUMMYFUNCTION("""COMPUTED_VALUE"""),78.0) -> 78 | C52: =IFERROR(__xludf.DUMMYFUNCTION("""COMPUTED_VALUE"""),"Evalúa esquemas de bases de datos aplicando estándares de calidad y seguridad de la información con el fin de optimizar el desempeño y disponibilidad de los datos ") -> Evalúa esquemas de bases de datos aplicando estándares de calidad y seguridad de la información con el fin de optimizar el desempeño y disponibilidad de los datos | E52: =IFERROR(__xludf.DUMMYFUNCTION("""COMPUTED_VALUE"""),"Procedimientos") -> Procedimientos | F52: =IFERROR(__xludf.DUMMYFUNCTION("""COMPUTED_VALUE"""),"Qué son las procedimientos y su sintaxis") -> Qué son las procedimientos y su sintaxis | G52: =IFERROR(__xludf.DUMMYFUNCTION("""COMPUTED_VALUE"""),"Octubre") -> Octubre | H52: =IFERROR(__xludf.DUMMYFUNCTION("""COMPUTED_VALUE"""),11.0) -> 11
B53: =IFERROR(__xludf.DUMMYFUNCTION("""COMPUTED_VALUE"""),86.0) -> 86 | C53: =IFERROR(__xludf.DUMMYFUNCTION("""COMPUTED_VALUE"""),"Desarrolla soluciones de almacenamiento de datos integrando herramientas de gestión de bases de datos y programación de consultas para resolver necesidades específicas de gestión de información organizacional ") -> Desarrolla soluciones de almacenamiento de datos integrando herramientas de gestión de bases de datos y programación de consultas para resolver necesidades específicas de gestión de información organizacional | E53: =IFERROR(__xludf.DUMMYFUNCTION("""COMPUTED_VALUE"""),"Vistas") -> Vistas | F53: =IFERROR(__xludf.DUMMYFUNCTION("""COMPUTED_VALUE"""),"Creación de Vistas") -> Creación de Vistas | G53: =IFERROR(__xludf.DUMMYFUNCTION("""COMPUTED_VALUE"""),"Octubre") -> Octubre | H53: =IFERROR(__xludf.DUMMYFUNCTION("""COMPUTED_VALUE"""),11.0) -> 11
B54: =IFERROR(__xludf.DUMMYFUNCTION("""COMPUTED_VALUE"""),87.0) -> 87 | C54: =IFERROR(__xludf.DUMMYFUNCTION("""COMPUTED_VALUE"""),"Implementa consultas SQL usando gestores de bases de datos relacionales como Oracle APEX para recuperar, modificar y administrar información de manera segura y eficiente ") -> Implementa consultas SQL usando gestores de bases de datos relacionales como Oracle APEX para recuperar, modificar y administrar información de manera segura y eficiente | E54: =IFERROR(__xludf.DUMMYFUNCTION("""COMPUTED_VALUE"""),"Vistas") -> Vistas | F54: =IFERROR(__xludf.DUMMYFUNCTION("""COMPUTED_VALUE"""),"Operaciones DML y Vistas") -> Operaciones DML y Vistas | G54: =IFERROR(__xludf.DUMMYFUNCTION("""COMPUTED_VALUE"""),"Octubre") -> Octubre | H54: =IFERROR(__xludf.DUMMYFUNCTION("""COMPUTED_VALUE"""),11.0) -> 11
B55: =IFERROR(__xludf.DUMMYFUNCTION("""COMPUTED_VALUE"""),88.0) -> 88 | C55: =IFERROR(__xludf.DUMMYFUNCTION("""COMPUTED_VALUE"""),"Implementa consultas SQL usando gestores de bases de datos relacionales como Oracle APEX para recuperar, modificar y administrar información de manera segura y eficiente ") -> Implementa consultas SQL usando gestores de bases de datos relacionales como Oracle APEX para recuperar, modificar y administrar información de manera segura y eficiente | E55: =IFERROR(__xludf.DUMMYFUNCTION("""COMPUTED_VALUE"""),"Vistas") -> Vistas | F55: =IFERROR(__xludf.DUMMYFUNCTION("""COMPUTED_VALUE"""),"Gestión de Vistas") -> Gestión de Vistas | G55: =IFERROR(__xludf.DUMMYFUNCTION("""COMPUTED_VALUE"""),"Octubre") -> Octubre | H55: =IFERROR(__xludf.DUMMYFUNCTION("""COMPUTED_VALUE"""),11.0) -> 11

Sheet Competencias_1re_Sem_2026
B1: Competencias que se formaran en el Primer Semestre 2026
B3: Competencias relacionadas al perfil del egresado (Especifica) | I3: Competencias relacionadas al perfil del egresado (General)
B4: 1 | C4: Aplica los conocimientos de su disciplina en la elaboración, fundamentación y defensa de argumentos para prevenir y resolver problemas complejos en su campo profesional, identificando y aplicando innovaciones. | I4: 1 | J4: Maneja e Interpreta adecuadamente datos masivos, sean estos estructurados o no estructurados, facilitando su visualización e interpretación de forma eficaz en apoyo a la toma de decisiones.
B5: 2 | C5: Identifica oportunidades y riesgos para la innovación y adaptación de conocimientos y tecnologías para resolver problemas. | I5: 2 | J5: Domina diversos recursos de comunicación con el objetivo de presentar adecuadamente sus propuestas a variados tipos de audiencias, en idioma español, inglés e idealmente en un tercer idioma acorde a las necesidades globales.
B6: 3 | C6: Toma decisiones profesionales con base en fundamentos teóricos, datos e información pertinente, válida y confiable. | I6: 3 | J6: Construye soluciones integrales trabajando en forma colaborativa y propositiva en equipos interdisciplinarios, en forma presencial o utilizando plataformas virtuales.
B9: No | C9: Tipo | D9: Verbo en Presente | E9: Objeto de la acción | G9: [Palabras conectoreas] Herramientas o metodología | H9: [Palabras conectoreas] Condiciones específicas | J9: Nivel
B10: 1 | C10: Especifica | D10: Explica | E10: el concepto de Cloud Computing, sus modelos de servicio y las ventajas y limitaciones de distintos proveedores Cloud | G10: mediante ejemplos cotidianos, casos de uso empresarial y comparativas | H10: para el desarrollo de infraestructuras escalables y rentables. | J10: Comprender
C11: =D10 & " " & E10 & " " &G10& " " &H10& " " -> Explica el concepto de Cloud Computing, sus modelos de servicio y las ventajas y limitaciones de distintos proveedores Cloud mediante ejemplos cotidianos, casos de uso empresarial y comparativas para el desarrollo de infraestructuras escalables y rentables.
B12: 2 | C12: Especifica | D12: Implementa | E12: servicios básicos de Cloud | G12: utilizando Amazon EC2, Amazon RDS, Amazon S3, Azure Virtual Machines, Azure SQL, Azure Blob Storage, Azure App Services y Azure Logic Apps | H12: para desplegar aplicaciones básicas, considerando la configuración de redes, seguridad y escalabilidad. | J12: Aplicar
C13: =D12 & " " & E12 & " " &G12& " " &H12& " " -> Implementa servicios básicos de Cloud utilizando Amazon EC2, Amazon RDS, Amazon S3, Azure Virtual Machines, Azure SQL, Azure Blob Storage, Azure App Services y Azure Logic Apps para desplegar aplicaciones básicas, considerando la configuración de redes, seguridad y escalabilidad.
B14: 3 | C14: Especifica | D14: Desarrolla | E14: aplicaciones serverless simples | G14: utilizando AWS Lambda y Azure Functions | H14: para procesar eventos y ejecutar la lógica de los negocios | J14: Aplicar
C15: =D14 & " " & E14 & " " &G14& " " &H14& " " -> Desarrolla aplicaciones serverless simples utilizando AWS Lambda y Azure Functions para procesar eventos y ejecutar la lógica de los negocios
B16: 4 | C16: Especifica | D16: Implementa | E16: servicios de inteligencia artificial | G16: utilizando IA de AWS y Azure Cognitive Services | H16: para resolver problemas de lenguaje natrual, análisis de imagenes o chabots. | J16: Crear
C17: =D16 & " " & E16 & " " &G16& " " &H16& " " -> Implementa servicios de inteligencia artificial utilizando IA de AWS y Azure Cognitive Services para resolver problemas de lenguaje natrual, análisis de imagenes o chabots.
B18: 5 | C18: Especifica | D18: Desarrolla | E18: aplicaciones low-code | G18: utilizando Power Automate y Power apps | H18: para integrar sistemas, flujos de trabajo y datos. | J18: Aplicar
C19: =D18 & " " & E18 & " " &G18& " " &H18& " " -> Desarrolla aplicaciones low-code utilizando Power Automate y Power apps para integrar sistemas, flujos de trabajo y datos.
B20: 6 | C20: Especifica | D20: Empaqueta | E20: aplicaciones en contenedores | G20: utilizando Docker | H20: para garantizar portabilidad y consistencia entre entornos de desarrollo, pruebas y producción. | J20: Aplicar
C21: =D20 & " " & E20 & " " &G20& " " &H20& " " -> Empaqueta aplicaciones en contenedores utilizando Docker para garantizar portabilidad y consistencia entre entornos de desarrollo, pruebas y producción.
B22: 7 | C22: Especifica | D22: Aplica | E22: principios básicos de ingeniería | G22: a través de conceptos de Cloud Computing | H22: para el desarrollo de aplicaciones básicas | J22: Aplicar
C23: =D22 & " " & E22 & " " &G22& " " &H22& " " -> Aplica principios básicos de ingeniería a través de conceptos de Cloud Computing para el desarrollo de aplicaciones básicas

Sheet Diseño_Lab_Post
B1: Que se impartio el en Curso Posterior el Segundo Semestre 2025
B3: Nombre del Curso | C3: Seminario de Sistemas 2
B4: Codigo del Curso | C4: {=IFERROR(_xlfn.XLOOKUP(TRIM(C3), Competencias_actuales!L15:L1000, Competencias_actuales!K15:K1000), "Código no encontrado")} -> 798 | H4: =C4&" - "&C3 -> 798 - Seminario de Sistemas 2
B6: No | C6: Competencia | D6: Unidad | E6: Tema | F6: Subtema | G6: Mes | H6: Semana
B7: =IFERROR(__xludf.DUMMYFUNCTION("QUERY(IMPORTRANGE(VLOOKUP(H4,METADA!A:B,2,FALSE), ""Diseño Curricular!A4:G500""), )"),1.0) -> 1 | C7: =IFERROR(__xludf.DUMMYFUNCTION("""COMPUTED_VALUE"""),"diseña modelos de análisis multidimensional y cubos OLAP utilizando herramientas como Power BI y Excel para representar datos y facilitar la toma de decisiones en contextos empresariales ") -> diseña modelos de análisis multidimensional y cubos OLAP utilizando herramientas como Power BI y Excel para representar datos y facilitar la toma de decisiones en contextos empresariales | D7: =IFERROR(__xludf.DUMMYFUNCTION("""COMPUTED_VALUE"""),"Unidad 1 Fundamentos de Business Intelligence y Análisis Multidimensional") -> Unidad 1 Fundamentos de Business Intelligence y Análisis Multidimensional | E7: =IFERROR(__xludf.DUMMYFUNCTION("""COMPUTED_VALUE"""),"Fundamentos de BI y análisis OLAP") -> Fundamentos de BI y análisis OLAP | F7: =IFERROR(__xludf.DUMMYFUNCTION("""COMPUTED_VALUE"""),"¿Qué es Business Intelligence?") -> ¿Qué es Business Intelligence? | G7: =IFERROR(__xludf.DUMMYFUNCTION("""COMPUTED_VALUE"""),"Julio") -> Julio | H7: =IFERROR(__xludf.DUMMYFUNCTION("""COMPUTED_VALUE"""),1.0) -> 1
B8: =IFERROR(__xludf.DUMMYFUNCTION("""COMPUTED_VALUE"""),2.0) -> 2 | C8: =IFERROR(__xludf.DUMMYFUNCTION("""COMPUTED_VALUE"""),"diseña modelos de análisis multidimensional y cubos OLAP utilizando herramientas como Power BI y Excel para representar datos y facilitar la toma de decisiones en contextos empresariales ") -> diseña modelos de análisis multidimensional y cubos OLAP utilizando herramientas como Power BI y Excel para representar datos y facilitar la toma de decisiones en contextos empresariales | D8: =IFERROR(__xludf.DUMMYFUNCTION("""COMPUTED_VALUE"""),"Unidad 1 Fundamentos de Business Intelligence y Análisis Multidimensional") -> Unidad 1 Fundamentos de Business Intelligence y Análisis Multidimensional | E8: =IFERROR(__xludf.DUMMYFUNCTION("""COMPUTED_VALUE"""),"Fundamentos de BI y análisis OLAP") -> Fundamentos de BI y análisis OLAP | F8: =IFERROR(__xludf.DUMMYFUNCTION("""COMPUTED_VALUE"""),"Datos para la toma de decisiones") -> Datos para la toma de decisiones | G8: =IFERROR(__xludf.DUMMYFUNCTION("""COMPUTED_VALUE"""),"Julio") -> Julio | H8: =IFERROR(__xludf.DUMMYFUNCTION("""COMPUTED_VALUE"""),1.0) -> 1
B9: =IFERROR(__xludf.DUMMYFUNCTION("""COMPUTED_VALUE"""),3.0) -> 3 | C9: =IFERROR(__xludf.DUMMYFUNCTION("""COMPUTED_VALUE"""),"diseña modelos de análisis multidimensional y cubos OLAP utilizando herramientas como Power BI y Excel para representar datos y facilitar la toma de decisiones en contextos empresariales ") -> diseña modelos de análisis multidimensional y cubos OLAP utilizando herramientas como Power BI y Excel para representar datos y facilitar la toma de decisiones en contextos empresariales | D9: =IFERROR(__xludf.DUMMYFUNCTION("""COMPUTED_VALUE"""),"Unidad 1 Fundamentos de Business Intelligence y Análisis Multidimensional") -> Unidad 1 Fundamentos de Business Intelligence y Análisis Multidimensional | E9: =IFERROR(__xludf.DUMMYFUNCTION("""COMPUTED_VALUE"""),"Fundamentos de BI y análisis OLAP") -> Fundamentos de BI y análisis OLAP | F9: =IFERROR(__xludf.DUMMYFUNCTION("""COMPUTED_VALUE"""),"Niveles de madurez analítica") -> Niveles de madurez analítica | G9: =IFERROR(__xludf.DUMMYFUNCTION("""COMPUTED_VALUE"""),"Julio") -> Julio | H9: =IFERROR(__xludf.DUMMYFUNCTION("""COMPUTED_VALUE"""),1.0) -> 1
B10: =IFERROR(__xludf.DUMMYFUNCTION("""COMPUTED_VALUE"""),4.0) -> 4 | C10: =IFERROR(__xludf.DUMMYFUNCTION("""COMPUTED_VALUE"""),"diseña modelos de análisis multidimensional y cubos OLAP utilizando herramientas como Power BI y Excel para representar datos y facilitar la toma de decisiones en contextos empresariales ") -> diseña modelos de análisis multidimensional y cubos OLAP utilizando herramientas como Power BI y Excel para representar datos y facilitar la toma de decisiones en contextos empresariales | D10: =IFERROR(__xludf.DUMMYFUNCTION("""COMPUTED_VALUE"""),"Unidad 1 Fundamentos de Business Intelligence y Análisis Multidimensional") -> Unidad 1 Fundamentos de Business Intelligence y Análisis Multidimensional | E10: =IFERROR(__xludf.DUMMYFUNCTION("""COMPUTED_VALUE"""),"Fundamentos de BI y análisis OLAP") -> Fundamentos de BI y análisis OLAP | F10: =IFERROR(__xludf.DUMMYFUNCTION("""COMPUTED_VALUE"""),"Tipos de información") -> Tipos de información | G10: =IFERROR(__xludf.DUMMYFUNCTION("""COMPUTED_VALUE"""),"Julio") -> Julio | H10: =IFERROR(__xludf.DUMMYFUNCTION("""COMPUTED_VALUE"""),1.0) -> 1
B11: =IFERROR(__xludf.DUMMYFUNCTION("""COMPUTED_VALUE"""),5.0) -> 5 | C11: =IFERROR(__xludf.DUMMYFUNCTION("""COMPUTED_VALUE"""),"diseña modelos de análisis multidimensional y cubos OLAP utilizando herramientas como Power BI y Excel para representar datos y facilitar la toma de decisiones en contextos empresariales ") -> diseña modelos de análisis multidimensional y cubos OLAP utilizando herramientas como Power BI y Excel para representar datos y facilitar la toma de decisiones en contextos empresariales | D11: =IFERROR(__xludf.DUMMYFUNCTION("""COMPUTED_VALUE"""),"Unidad 1 Fundamentos de Business Intelligence y Análisis Multidimensional") -> Unidad 1 Fundamentos de Business Intelligence y Análisis Multidimensional | E11: =IFERROR(__xludf.DUMMYFUNCTION("""COMPUTED_VALUE"""),"Fundamentos de BI y análisis OLAP") -> Fundamentos de BI y análisis OLAP | F11: =IFERROR(__xludf.DUMMYFUNCTION("""COMPUTED_VALUE"""),"Introducción al análisis OLAP") -> Introducción al análisis OLAP | G11: =IFERROR(__xludf.DUMMYFUNCTION("""COMPUTED_VALUE"""),"Julio") -> Julio | H11: =IFERROR(__xludf.DUMMYFUNCTION("""COMPUTED_VALUE"""),1.0) -> 1
B12: =IFERROR(__xludf.DUMMYFUNCTION("""COMPUTED_VALUE"""),6.0) -> 6 | C12: =IFERROR(__xludf.DUMMYFUNCTION("""COMPUTED_VALUE"""),"diseña modelos de análisis multidimensional y cubos OLAP utilizando herramientas como Power BI y Excel para representar datos y facilitar la toma de decisiones en contextos empresariales ") -> diseña modelos de análisis multidimensional y cubos OLAP utilizando herramientas como Power BI y Excel para representar datos y facilitar la toma de decisiones en contextos empresariales | D12: =IFERROR(__xludf.DUMMYFUNCTION("""COMPUTED_VALUE"""),"Unidad 1 Fundamentos de Business Intelligence y Análisis Multidimensional") -> Unidad 1 Fundamentos de Business Intelligence y Análisis Multidimensional | E12: =IFERROR(__xludf.DUMMYFUNCTION("""COMPUTED_VALUE"""),"Fundamentos de BI y análisis OLAP") -> Fundamentos de BI y análisis OLAP | F12: =IFERROR(__xludf.DUMMYFUNCTION("""COMPUTED_VALUE"""),"Ventajas del análisis multidimensional") -> Ventajas del análisis multidimensional | G12: =IFERROR(__xludf.DUMMYFUNCTION("""COMPUTED_VALUE"""),"Julio") -> Julio | H12: =IFERROR(__xludf.DUMMYFUNCTION("""COMPUTED_VALUE"""),1.0) -> 1
B13: =IFERROR(__xludf.DUMMYFUNCTION("""COMPUTED_VALUE"""),7.0) -> 7 | C13: =IFERROR(__xludf.DUMMYFUNCTION("""COMPUTED_VALUE"""),"diseña modelos de análisis multidimensional y cubos OLAP utilizando herramientas como Power BI y Excel para representar datos y facilitar la toma de decisiones en contextos empresariales ") -> diseña modelos de análisis multidimensional y cubos OLAP utilizando herramientas como Power BI y Excel para representar datos y facilitar la toma de decisiones en contextos empresariales | D13: =IFERROR(__xludf.DUMMYFUNCTION("""COMPUTED_VALUE"""),"Unidad 1 Fundamentos de Business Intelligence y Análisis Multidimensional") -> Unidad 1 Fundamentos de Business Intelligence y Análisis Multidimensional | E13: =IFERROR(__xludf.DUMMYFUNCTION("""COMPUTED_VALUE"""),"Fundamentos de BI y análisis OLAP") -> Fundamentos de BI y análisis OLAP | F13: =IFERROR(__xludf.DUMMYFUNCTION("""COMPUTED_VALUE"""),"Comparativa entre OLAP y herramientas de visualización") -> Comparativa entre OLAP y herramientas de visualización | G13: =IFERROR(__xludf.DUMMYFUNCTION("""COMPUTED_VALUE"""),"Julio") -> Julio | H13: =IFERROR(__xludf.DUMMYFUNCTION("""COMPUTED_VALUE"""),1.0) -> 1
B14: =IFERROR(__xludf.DUMMYFUNCTION("""COMPUTED_VALUE"""),8.0) -> 8 | C14: =IFERROR(__xludf.DUMMYFUNCTION("""COMPUTED_VALUE"""),"diseña modelos de análisis multidimensional y cubos OLAP utilizando herramientas como Power BI y Excel para representar datos y facilitar la toma de decisiones en contextos empresariales ") -> diseña modelos de análisis multidimensional y cubos OLAP utilizando herramientas como Power BI y Excel para representar datos y facilitar la toma de decisiones en contextos empresariales | D14: =IFERROR(__xludf.DUMMYFUNCTION("""COMPUTED_VALUE"""),"Unidad 1 Fundamentos de Business Intelligence y Análisis Multidimensional") -> Unidad 1 Fundamentos de Business Intelligence y Análisis Multidimensional | E14: =IFERROR(__xludf.DUMMYFUNCTION("""COMPUTED_VALUE"""),"Diseño y optimización de cubos multidimensionales") -> Diseño y optimización de cubos multidimensionales | F14: =IFERROR(__xludf.DUMMYFUNCTION("""COMPUTED_VALUE"""),"Definición de cubo multidimensional") -> Definición de cubo multidimensional | G14: =IFERROR(__xludf.DUMMYFUNCTION("""COMPUTED_VALUE"""),"Julio") -> Julio | H14: =IFERROR(__xludf.DUMMYFUNCTION("""COMPUTED_VALUE"""),2.0) -> 2
B15: =IFERROR(__xludf.DUMMYFUNCTION("""COMPUTED_VALUE"""),9.0) -> 9 | C15: =IFERROR(__xludf.DUMMYFUNCTION("""COMPUTED_VALUE"""),"diseña modelos de análisis multidimensional y cubos OLAP utilizando herramientas como Power BI y Excel para representar datos y facilitar la toma de decisiones en contextos empresariales ") -> diseña modelos de análisis multidimensional y cubos OLAP utilizando herramientas como Power BI y Excel para representar datos y facilitar la toma de decisiones en contextos empresariales | D15: =IFERROR(__xludf.DUMMYFUNCTION("""COMPUTED_VALUE"""),"Unidad 1 Fundamentos de Business Intelligence y Análisis Multidimensional") -> Unidad 1 Fundamentos de Business Intelligence y Análisis Multidimensional | E15: =IFERROR(__xludf.DUMMYFUNCTION("""COMPUTED_VALUE"""),"Diseño y optimización de cubos multidimensionales") -> Diseño y optimización de cubos multidimensionales | F15: =IFERROR(__xludf.DUMMYFUNCTION("""COMPUTED_VALUE"""),"Dimensiones y jerarquías") -> Dimensiones y jerarquías | G15: =IFERROR(__xludf.DUMMYFUNCTION("""COMPUTED_VALUE"""),"Julio") -> Julio | H15: =IFERROR(__xludf.DUMMYFUNCTION("""COMPUTED_VALUE"""),2.0) -> 2
B16: =IFERROR(__xludf.DUMMYFUNCTION("""COMPUTED_VALUE"""),10.0) -> 10 | C16: =IFERROR(__xludf.DUMMYFUNCTION("""COMPUTED_VALUE"""),"diseña modelos de análisis multidimensional y cubos OLAP utilizando herramientas como Power BI y Excel para representar datos y facilitar la toma de decisiones en contextos empresariales ") -> diseña modelos de análisis multidimensional y cubos OLAP utilizando herramientas como Power BI y Excel para representar datos y facilitar la toma de decisiones en contextos empresariales | D16: =IFERROR(__xludf.DUMMYFUNCTION("""COMPUTED_VALUE"""),"Unidad 1 Fundamentos de Business Intelligence y Análisis Multidimensional") -> Unidad 1 Fundamentos de Business Intelligence y Análisis Multidimensional | E16: =IFERROR(__xludf.DUMMYFUNCTION("""COMPUTED_VALUE"""),"Diseño y optimización de cubos multidimensionales") -> Diseño y optimización de cubos multidimensionales | F16: =IFERROR(__xludf.DUMMYFUNCTION("""COMPUTED_VALUE"""),"Medidas y agregaciones") -> Medidas y agregaciones | G16: =IFERROR(__xludf.DUMMYFUNCTION("""COMPUTED_VALUE"""),"Julio") -> Julio | H16: =IFERROR(__xludf.DUMMYFUNCTION("""COMPUTED_VALUE"""),2.0) -> 2
B17: =IFERROR(__xludf.DUMMYFUNCTION("""COMPUTED_VALUE"""),11.0) -> 11 | C17: =IFERROR(__xludf.DUMMYFUNCTION("""COMPUTED_VALUE"""),"diseña modelos de análisis multidimensional y cubos OLAP utilizando herramientas como Power BI y Excel para representar datos y facilitar la toma de decisiones en contextos empresariales ") -> diseña modelos de análisis multidimensional y cubos OLAP utilizando herramientas como Power BI y Excel para representar datos y facilitar la toma de decisiones en contextos empresariales | D17: =IFERROR(__xludf.DUMMYFUNCTION("""COMPUTED_VALUE"""),"Unidad 1 Fundamentos de Business Intelligence y Análisis Multidimensional") -> Unidad 1 Fundamentos de Business Intelligence y Análisis Multidimensional | E17: =IFERROR(__xludf.DUMMYFUNCTION("""COMPUTED_VALUE"""),"Diseño y optimización de cubos multidimensionales") -> Diseño y optimización de cubos multidimensionales | F17: =IFERROR(__xludf.DUMMYFUNCTION("""COMPUTED_VALUE"""),"Modelos Estrella, Copo de Nieve, Constelación") -> Modelos Estrella, Copo de Nieve, Constelación | G17: =IFERROR(__xludf.DUMMYFUNCTION("""COMPUTED_VALUE"""),"Julio") -> Julio | H17: =IFERROR(__xludf.DUMMYFUNCTION("""COMPUTED_VALUE"""),2.0) -> 2
B18: =IFERROR(__xludf.DUMMYFUNCTION("""COMPUTED_VALUE"""),12.0) -> 12 | C18: =IFERROR(__xludf.DUMMYFUNCTION("""COMPUTED_VALUE"""),"diseña modelos de análisis multidimensional y cubos OLAP utilizando herramientas como Power BI y Excel para representar datos y facilitar la toma de decisiones en contextos empresariales ") -> diseña modelos de análisis multidimensional y cubos OLAP utilizando herramientas como Power BI y Excel para representar datos y facilitar la toma de decisiones en contextos empresariales | D18: =IFERROR(__xludf.DUMMYFUNCTION("""COMPUTED_VALUE"""),"Unidad 1 Fundamentos de Business Intelligence y Análisis Multidimensional") -> Unidad 1 Fundamentos de Business Intelligence y Análisis Multidimensional | E18: =IFERROR(__xludf.DUMMYFUNCTION("""COMPUTED_VALUE"""),"Diseño y optimización de cubos multidimensionales") -> Diseño y optimización de cubos multidimensionales | F18: =IFERROR(__xludf.DUMMYFUNCTION("""COMPUTED_VALUE"""),"Optimización de cubos multidimensionales") -> Optimización de cubos multidimensionales | G18: =IFERROR(__xludf.DUMMYFUNCTION("""COMPUTED_VALUE"""),"Julio") -> Julio | H18: =IFERROR(__xludf.DUMMYFUNCTION("""COMPUTED_VALUE"""),2.0) -> 2
B19: =IFERROR(__xludf.DUMMYFUNCTION("""COMPUTED_VALUE"""),13.0) -> 13 | C19: =IFERROR(__xludf.DUMMYFUNCTION("""COMPUTED_VALUE"""),"implementa procesos ETL eficientes empleando herramientas como SSIS, Pentaho o Talend asegurando la transformación y carga efectiva de datos para su posterior análisis ") -> implementa procesos ETL eficientes empleando herramientas como SSIS, Pentaho o Talend asegurando la transformación y carga efectiva de datos para su posterior análisis | D19: =IFERROR(__xludf.DUMMYFUNCTION("""COMPUTED_VALUE"""),"Unidad 2 Procesos ETL y Modelado de Datos para Análisis OLAP") -> Unidad 2 Procesos ETL y Modelado de Datos para Análisis OLAP | E19: =IFERROR(__xludf.DUMMYFUNCTION("""COMPUTED_VALUE"""),"Fundamentos del proceso ETL y su aplicación en OLAP") -> Fundamentos del proceso ETL y su aplicación en OLAP | F19: =IFERROR(__xludf.DUMMYFUNCTION("""COMPUTED_VALUE"""),"¿Qué es ETL?") -> ¿Qué es ETL? | G19: =IFERROR(__xludf.DUMMYFUNCTION("""COMPUTED_VALUE"""),"Julio") -> Julio | H19: =IFERROR(__xludf.DUMMYFUNCTION("""COMPUTED_VALUE"""),3.0) -> 3
B20: =IFERROR(__xludf.DUMMYFUNCTION("""COMPUTED_VALUE"""),14.0) -> 14 | C20: =IFERROR(__xludf.DUMMYFUNCTION("""COMPUTED_VALUE"""),"implementa procesos ETL eficientes empleando herramientas como SSIS, Pentaho o Talend asegurando la transformación y carga efectiva de datos para su posterior análisis ") -> implementa procesos ETL eficientes empleando herramientas como SSIS, Pentaho o Talend asegurando la transformación y carga efectiva de datos para su posterior análisis | D20: =IFERROR(__xludf.DUMMYFUNCTION("""COMPUTED_VALUE"""),"Unidad 2 Procesos ETL y Modelado de Datos para Análisis OLAP") -> Unidad 2 Procesos ETL y Modelado de Datos para Análisis OLAP | E20: =IFERROR(__xludf.DUMMYFUNCTION("""COMPUTED_VALUE"""),"Fundamentos del proceso ETL y su aplicación en OLAP") -> Fundamentos del proceso ETL y su aplicación en OLAP | F20: =IFERROR(__xludf.DUMMYFUNCTION("""COMPUTED_VALUE"""),"Fases del proceso ETL") -> Fases del proceso ETL | G20: =IFERROR(__xludf.DUMMYFUNCTION("""COMPUTED_VALUE"""),"Julio") -> Julio | H20: =IFERROR(__xludf.DUMMYFUNCTION("""COMPUTED_VALUE"""),3.0) -> 3
B21: =IFERROR(__xludf.DUMMYFUNCTION("""COMPUTED_VALUE"""),15.0) -> 15 | C21: =IFERROR(__xludf.DUMMYFUNCTION("""COMPUTED_VALUE"""),"implementa procesos ETL eficientes empleando herramientas como SSIS, Pentaho o Talend asegurando la transformación y carga efectiva de datos para su posterior análisis ") -> implementa procesos ETL eficientes empleando herramientas como SSIS, Pentaho o Talend asegurando la transformación y carga efectiva de datos para su posterior análisis | D21: =IFERROR(__xludf.DUMMYFUNCTION("""COMPUTED_VALUE"""),"Unidad 2 Procesos ETL y Modelado de Datos para Análisis OLAP") -> Unidad 2 Procesos ETL y Modelado de Datos para Análisis OLAP | E21: =IFERROR(__xludf.DUMMYFUNCTION("""COMPUTED_VALUE"""),"Fundamentos del proceso ETL y su aplicación en OLAP") -> Fundamentos del proceso ETL y su aplicación en OLAP | F21: =IFERROR(__xludf.DUMMYFUNCTION("""COMPUTED_VALUE"""),"Extracción, Transformación y Carga") -> Extracción, Transformación y Carga | G21: =IFERROR(__xludf.DUMMYFUNCTION("""COMPUTED_VALUE"""),"Agosto") -> Agosto | H21: =IFERROR(__xludf.DUMMYFUNCTION("""COMPUTED_VALUE"""),3.0) -> 3
B22: =IFERROR(__xludf.DUMMYFUNCTION("""COMPUTED_VALUE"""),16.0) -> 16 | C22: =IFERROR(__xludf.DUMMYFUNCTION("""COMPUTED_VALUE"""),"implementa procesos ETL eficientes empleando herramientas como SSIS, Pentaho o Talend asegurando la transformación y carga efectiva de datos para su posterior análisis ") -> implementa procesos ETL eficientes empleando herramientas como SSIS, Pentaho o Talend asegurando la transformación y carga efectiva de datos para su posterior análisis | D22: =IFERROR(__xludf.DUMMYFUNCTION("""COMPUTED_VALUE"""),"Unidad 2 Procesos ETL y Modelado de Datos para Análisis OLAP") -> Unidad 2 Procesos ETL y Modelado de Datos para Análisis OLAP | E22: =IFERROR(__xludf.DUMMYFUNCTION("""COMPUTED_VALUE"""),"Fundamentos del proceso ETL y su aplicación en OLAP") -> Fundamentos del proceso ETL y su aplicación en OLAP | F22: =IFERROR(__xludf.DUMMYFUNCTION("""COMPUTED_VALUE"""),"Características del ETL") -> Características del ETL | G22: =IFERROR(__xludf.DUMMYFUNCTION("""COMPUTED_VALUE"""),"Agosto") -> Agosto | H22: =IFERROR(__xludf.DUMMYFUNCTION("""COMPUTED_VALUE"""),3.0) -> 3
B23: =IFERROR(__xludf.DUMMYFUNCTION("""COMPUTED_VALUE"""),17.0) -> 17 | C23: =IFERROR(__xludf.DUMMYFUNCTION("""COMPUTED_VALUE"""),"implementa procesos ETL eficientes empleando herramientas como SSIS, Pentaho o Talend asegurando la transformación y carga efectiva de datos para su posterior análisis ") -> implementa procesos ETL eficientes empleando herramientas como SSIS, Pentaho o Talend asegurando la transformación y carga efectiva de datos para su posterior análisis | D23: =IFERROR(__xludf.DUMMYFUNCTION("""COMPUTED_VALUE"""),"Unidad 2 Procesos ETL y Modelado de Datos para Análisis OLAP") -> Unidad 2 Procesos ETL y Modelado de Datos para Análisis OLAP | E23: =IFERROR(__xludf.DUMMYFUNCTION("""COMPUTED_VALUE"""),"Fundamentos del proceso ETL y su aplicación en OLAP") -> Fundamentos del proceso ETL y su aplicación en OLAP | F23: =IFERROR(__xludf.DUMMYFUNCTION("""COMPUTED_VALUE"""),"Rol del ETL en OLAP") -> Rol del ETL en OLAP | G23: =IFERROR(__xludf.DUMMYFUNCTION("""COMPUTED_VALUE"""),"Agosto") -> Agosto | H23: =IFERROR(__xludf.DUMMYFUNCTION("""COMPUTED_VALUE"""),3.0) -> 3
B24: =IFERROR(__xludf.DUMMYFUNCTION("""COMPUTED_VALUE"""),18.0) -> 18 | C24: =IFERROR(__xludf.DUMMYFUNCTION("""COMPUTED_VALUE"""),"implementa procesos ETL eficientes empleando herramientas como SSIS, Pentaho o Talend asegurando la transformación y carga efectiva de datos para su posterior análisis ") -> implementa procesos ETL eficientes empleando herramientas como SSIS, Pentaho o Talend asegurando la transformación y carga efectiva de datos para su posterior análisis | D24: =IFERROR(__xludf.DUMMYFUNCTION("""COMPUTED_VALUE"""),"Unidad 2 Procesos ETL y Modelado de Datos para Análisis OLAP") -> Unidad 2 Procesos ETL y Modelado de Datos para Análisis OLAP | E24: =IFERROR(__xludf.DUMMYFUNCTION("""COMPUTED_VALUE"""),"Fundamentos del proceso ETL y su aplicación en OLAP") -> Fundamentos del proceso ETL y su aplicación en OLAP | F24: =IFERROR(__xludf.DUMMYFUNCTION("""COMPUTED_VALUE"""),"Desafíos del proceso ETL") -> Desafíos del proceso ETL | G24: =IFERROR(__xludf.DUMMYFUNCTION("""COMPUTED_VALUE"""),"Agosto") -> Agosto | H24: =IFERROR(__xludf.DUMMYFUNCTION("""COMPUTED_VALUE"""),3.0) -> 3
B25: =IFERROR(__xludf.DUMMYFUNCTION("""COMPUTED_VALUE"""),19.0) -> 19 | C25: =IFERROR(__xludf.DUMMYFUNCTION("""COMPUTED_VALUE"""),"implementa procesos ETL eficientes empleando herramientas como SSIS, Pentaho o Talend asegurando la transformación y carga efectiva de datos para su posterior análisis ") -> implementa procesos ETL eficientes empleando herramientas como SSIS, Pentaho o Talend asegurando la transformación y carga efectiva de datos para su posterior análisis | D25: =IFERROR(__xludf.DUMMYFUNCTION("""COMPUTED_VALUE"""),"Unidad 2 Procesos ETL y Modelado de Datos para Análisis OLAP") -> Unidad 2 Procesos ETL y Modelado de Datos para Análisis OLAP | E25: =IFERROR(__xludf.DUMMYFUNCTION("""COMPUTED_VALUE"""),"Herramientas ETL y tendencias modernas") -> Herramientas ETL y tendencias modernas | F25: =IFERROR(__xludf.DUMMYFUNCTION("""COMPUTED_VALUE"""),"Tipos de herramientas ETL") -> Tipos de herramientas ETL | G25: =IFERROR(__xludf.DUMMYFUNCTION("""COMPUTED_VALUE"""),"Agosto") -> Agosto | H25: =IFERROR(__xludf.DUMMYFUNCTION("""COMPUTED_VALUE"""),4.0) -> 4
B26: =IFERROR(__xludf.DUMMYFUNCTION("""COMPUTED_VALUE"""),20.0) -> 20 | C26: =IFERROR(__xludf.DUMMYFUNCTION("""COMPUTED_VALUE"""),"implementa procesos ETL eficientes empleando herramientas como SSIS, Pentaho o Talend asegurando la transformación y carga efectiva de datos para su posterior análisis ") -> implementa procesos ETL eficientes empleando herramientas como SSIS, Pentaho o Talend asegurando la transformación y carga efectiva de datos para su posterior análisis | D26: =IFERROR(__xludf.DUMMYFUNCTION("""COMPUTED_VALUE"""),"Unidad 2 Procesos ETL y Modelado de Datos para Análisis OLAP") -> Unidad 2 Procesos ETL y Modelado de Datos para Análisis OLAP | E26: =IFERROR(__xludf.DUMMYFUNCTION("""COMPUTED_VALUE"""),"Herramientas ETL y tendencias modernas") -> Herramientas ETL y tendencias modernas | F26: =IFERROR(__xludf.DUMMYFUNCTION("""COMPUTED_VALUE"""),"Ejemplos de herramientas comerciales y Open Source") -> Ejemplos de herramientas comerciales y Open Source | G26: =IFERROR(__xludf.DUMMYFUNCTION("""COMPUTED_VALUE"""),"Agosto") -> Agosto | H26: =IFERROR(__xludf.DUMMYFUNCTION("""COMPUTED_VALUE"""),4.0) -> 4
B27: =IFERROR(__xludf.DUMMYFUNCTION("""COMPUTED_VALUE"""),21.0) -> 21 | C27: =IFERROR(__xludf.DUMMYFUNCTION("""COMPUTED_VALUE"""),"implementa procesos ETL eficientes empleando herramientas como SSIS, Pentaho o Talend asegurando la transformación y carga efectiva de datos para su posterior análisis ") -> implementa procesos ETL eficientes empleando herramientas como SSIS, Pentaho o Talend asegurando la transformación y carga efectiva de datos para su posterior análisis | D27: =IFERROR(__xludf.DUMMYFUNCTION("""COMPUTED_VALUE"""),"Unidad 2 Procesos ETL y Modelado de Datos para Análisis OLAP") -> Unidad 2 Procesos ETL y Modelado de Datos para Análisis OLAP | E27: =IFERROR(__xludf.DUMMYFUNCTION("""COMPUTED_VALUE"""),"Herramientas ETL y tendencias modernas") -> Herramientas ETL y tendencias modernas | F27: =IFERROR(__xludf.DUMMYFUNCTION("""COMPUTED_VALUE"""),"Herramientas ETL en la nube") -> Herramientas ETL en la nube | G27: =IFERROR(__xludf.DUMMYFUNCTION("""COMPUTED_VALUE"""),"Agosto") -> Agosto | H27: =IFERROR(__xludf.DUMMYFUNCTION("""COMPUTED_VALUE"""),4.0) -> 4
B28: =IFERROR(__xludf.DUMMYFUNCTION("""COMPUTED_VALUE"""),22.0) -> 22 | C28: =IFERROR(__xludf.DUMMYFUNCTION("""COMPUTED_VALUE"""),"implementa procesos ETL eficientes empleando herramientas como SSIS, Pentaho o Talend asegurando la transformación y carga efectiva de datos para su posterior análisis ") -> implementa procesos ETL eficientes empleando herramientas como SSIS, Pentaho o Talend asegurando la transformación y carga efectiva de datos para su posterior análisis | D28: =IFERROR(__xludf.DUMMYFUNCTION("""COMPUTED_VALUE"""),"Unidad 2 Procesos ETL y Modelado de Datos para Análisis OLAP") -> Unidad 2 Procesos ETL y Modelado de Datos para Análisis OLAP | E28: =IFERROR(__xludf.DUMMYFUNCTION("""COMPUTED_VALUE"""),"Herramientas ETL y tendencias modernas") -> Herramientas ETL y tendencias modernas | F28: =IFERROR(__xludf.DUMMYFUNCTION("""COMPUTED_VALUE"""),"Criterios de selección") -> Criterios de selección | G28: =IFERROR(__xludf.DUMMYFUNCTION("""COMPUTED_VALUE"""),"Agosto") -> Agosto | H28: =IFERROR(__xludf.DUMMYFUNCTION("""COMPUTED_VALUE"""),4.0) -> 4
B29: =IFERROR(__xludf.DUMMYFUNCTION("""COMPUTED_VALUE"""),23.0) -> 23 | C29: =IFERROR(__xludf.DUMMYFUNCTION("""COMPUTED_VALUE"""),"implementa procesos ETL eficientes empleando herramientas como SSIS, Pentaho o Talend asegurando la transformación y carga efectiva de datos para su posterior análisis ") -> implementa procesos ETL eficientes empleando herramientas como SSIS, Pentaho o Talend asegurando la transformación y carga efectiva de datos para su posterior análisis | D29: =IFERROR(__xludf.DUMMYFUNCTION("""COMPUTED_VALUE"""),"Unidad 2 Procesos ETL y Modelado de Datos para Análisis OLAP") -> Unidad 2 Procesos ETL y Modelado de Datos para Análisis OLAP | E29: =IFERROR(__xludf.DUMMYFUNCTION("""COMPUTED_VALUE"""),"Herramientas ETL y tendencias modernas") -> Herramientas ETL y tendencias modernas | F29: =IFERROR(__xludf.DUMMYFUNCTION("""COMPUTED_VALUE"""),"Tendencias actuales") -> Tendencias actuales | G29: =IFERROR(__xludf.DUMMYFUNCTION("""COMPUTED_VALUE"""),"Agosto") -> Agosto | H29: =IFERROR(__xludf.DUMMYFUNCTION("""COMPUTED_VALUE"""),4.0) -> 4
B30: =IFERROR(__xludf.DUMMYFUNCTION("""COMPUTED_VALUE"""),24.0) -> 24 | C30: =IFERROR(__xludf.DUMMYFUNCTION("""COMPUTED_VALUE"""),"implementa procesos ETL eficientes empleando herramientas como SSIS, Pentaho o Talend asegurando la transformación y carga efectiva de datos para su posterior análisis ") -> implementa procesos ETL eficientes empleando herramientas como SSIS, Pentaho o Talend asegurando la transformación y carga efectiva de datos para su posterior análisis | D30: =IFERROR(__xludf.DUMMYFUNCTION("""COMPUTED_VALUE"""),"Unidad 2 Procesos ETL y Modelado de Datos para Análisis OLAP") -> Unidad 2 Procesos ETL y Modelado de Datos para Análisis OLAP | E30: =IFERROR(__xludf.DUMMYFUNCTION("""COMPUTED_VALUE"""),"Herramientas ETL y tendencias modernas") -> Herramientas ETL y tendencias modernas | F30: =IFERROR(__xludf.DUMMYFUNCTION("""COMPUTED_VALUE"""),"Casos de uso reales") -> Casos de uso reales | G30: =IFERROR(__xludf.DUMMYFUNCTION("""COMPUTED_VALUE"""),"Agosto") -> Agosto | H30: =IFERROR(__xludf.DUMMYFUNCTION("""COMPUTED_VALUE"""),4.0) -> 4
B31: =IFERROR(__xludf.DUMMYFUNCTION("""COMPUTED_VALUE"""),25.0) -> 25 | C31: =IFERROR(__xludf.DUMMYFUNCTION("""COMPUTED_VALUE"""),"integra soluciones BI con bases de datos modernas y servicios en la nube usando tecnologías como SSMS, SSAS y servicios IAAS/PAAS considerando aspectos de seguridad, virtualización y arquitectura de datos distribuida ") -> integra soluciones BI con bases de datos modernas y servicios en la nube usando tecnologías como SSMS, SSAS y servicios IAAS/PAAS considerando aspectos de seguridad, virtualización y arquitectura de datos distribuida | D31: =IFERROR(__xludf.DUMMYFUNCTION("""COMPUTED_VALUE"""),"Unidad 3 Arquitectura de Datos Modernos y Herramientas BI Empresariales") -> Unidad 3 Arquitectura de Datos Modernos y Herramientas BI Empresariales | E31: =IFERROR(__xludf.DUMMYFUNCTION("""COMPUTED_VALUE"""),"Bases modernas y arquitectura Microsoft BI") -> Bases modernas y arquitectura Microsoft BI | F31: =IFERROR(__xludf.DUMMYFUNCTION("""COMPUTED_VALUE"""),"Bases en memoria, columnares y MPP") -> Bases en memoria, columnares y MPP | G31: =IFERROR(__xludf.DUMMYFUNCTION("""COMPUTED_VALUE"""),"Agosto") -> Agosto | H31: =IFERROR(__xludf.DUMMYFUNCTION("""COMPUTED_VALUE"""),5.0) -> 5
B32: =IFERROR(__xludf.DUMMYFUNCTION("""COMPUTED_VALUE"""),26.0) -> 26 | C32: =IFERROR(__xludf.DUMMYFUNCTION("""COMPUTED_VALUE"""),"integra soluciones BI con bases de datos modernas y servicios en la nube usando tecnologías como SSMS, SSAS y servicios IAAS/PAAS considerando aspectos de seguridad, virtualización y arquitectura de datos distribuida ") -> integra soluciones BI con bases de datos modernas y servicios en la nube usando tecnologías como SSMS, SSAS y servicios IAAS/PAAS considerando aspectos de seguridad, virtualización y arquitectura de datos distribuida | D32: =IFERROR(__xludf.DUMMYFUNCTION("""COMPUTED_VALUE"""),"Unidad 3 Arquitectura de Datos Modernos y Herramientas BI Empresariales") -> Unidad 3 Arquitectura de Datos Modernos y Herramientas BI Empresariales | E32: =IFERROR(__xludf.DUMMYFUNCTION("""COMPUTED_VALUE"""),"Bases modernas y arquitectura Microsoft BI") -> Bases modernas y arquitectura Microsoft BI | F32: =IFERROR(__xludf.DUMMYFUNCTION("""COMPUTED_VALUE"""),"Appliances analíticos") -> Appliances analíticos | G32: =IFERROR(__xludf.DUMMYFUNCTION("""COMPUTED_VALUE"""),"Agosto") -> Agosto | H32: =IFERROR(__xludf.DUMMYFUNCTION("""COMPUTED_VALUE"""),5.0) -> 5
B33: =IFERROR(__xludf.DUMMYFUNCTION("""COMPUTED_VALUE"""),27.0) -> 27 | C33: =IFERROR(__xludf.DUMMYFUNCTION("""COMPUTED_VALUE"""),"integra soluciones BI con bases de datos modernas y servicios en la nube usando tecnologías como SSMS, SSAS y servicios IAAS/PAAS considerando aspectos de seguridad, virtualización y arquitectura de datos distribuida ") -> integra soluciones BI con bases de datos modernas y servicios en la nube usando tecnologías como SSMS, SSAS y servicios IAAS/PAAS considerando aspectos de seguridad, virtualización y arquitectura de datos distribuida | D33: =IFERROR(__xludf.DUMMYFUNCTION("""COMPUTED_VALUE"""),"Unidad 3 Arquitectura de Datos Modernos y Herramientas BI Empresariales") -> Unidad 3 Arquitectura de Datos Modernos y Herramientas BI Empresariales | E33: =IFERROR(__xludf.DUMMYFUNCTION("""COMPUTED_VALUE"""),"Bases modernas y arquitectura Microsoft BI") -> Bases modernas y arquitectura Microsoft BI | F33: =IFERROR(__xludf.DUMMYFUNCTION("""COMPUTED_VALUE"""),"Arquitectura de BI con Microsoft") -> Arquitectura de BI con Microsoft | G33: =IFERROR(__xludf.DUMMYFUNCTION("""COMPUTED_VALUE"""),"Agosto") -> Agosto | H33: =IFERROR(__xludf.DUMMYFUNCTION("""COMPUTED_VALUE"""),5.0) -> 5
B34: =IFERROR(__xludf.DUMMYFUNCTION("""COMPUTED_VALUE"""),28.0) -> 28 | C34: =IFERROR(__xludf.DUMMYFUNCTION("""COMPUTED_VALUE"""),"integra soluciones BI con bases de datos modernas y servicios en la nube usando tecnologías como SSMS, SSAS y servicios IAAS/PAAS considerando aspectos de seguridad, virtualización y arquitectura de datos distribuida ") -> integra soluciones BI con bases de datos modernas y servicios en la nube usando tecnologías como SSMS, SSAS y servicios IAAS/PAAS considerando aspectos de seguridad, virtualización y arquitectura de datos distribuida | D34: =IFERROR(__xludf.DUMMYFUNCTION("""COMPUTED_VALUE"""),"Unidad 3 Arquitectura de Datos Modernos y Herramientas BI Empresariales") -> Unidad 3 Arquitectura de Datos Modernos y Herramientas BI Empresariales | E34: =IFERROR(__xludf.DUMMYFUNCTION("""COMPUTED_VALUE"""),"Bases modernas y arquitectura Microsoft BI") -> Bases modernas y arquitectura Microsoft BI | F34: =IFERROR(__xludf.DUMMYFUNCTION("""COMPUTED_VALUE"""),"Herramientas Microsoft BI (SSMS, SSIS, SSAS, SSRS)") -> Herramientas Microsoft BI (SSMS, SSIS, SSAS, SSRS) | G34: =IFERROR(__xludf.DUMMYFUNCTION("""COMPUTED_VALUE"""),"Agosto") -> Agosto | H34: =IFERROR(__xludf.DUMMYFUNCTION("""COMPUTED_VALUE"""),5.0) -> 5
B35: =IFERROR(__xludf.DUMMYFUNCTION("""COMPUTED_VALUE"""),29.0) -> 29 | C35: =IFERROR(__xludf.DUMMYFUNCTION("""COMPUTED_VALUE"""),"integra soluciones BI con bases de datos modernas y servicios en la nube usando tecnologías como SSMS, SSAS y servicios IAAS/PAAS considerando aspectos de seguridad, virtualización y arquitectura de datos distribuida ") -> integra soluciones BI con bases de datos modernas y servicios en la nube usando tecnologías como SSMS, SSAS y servicios IAAS/PAAS considerando aspectos de seguridad, virtualización y arquitectura de datos distribuida | D35: =IFERROR(__xludf.DUMMYFUNCTION("""COMPUTED_VALUE"""),"Unidad 3 Arquitectura de Datos Modernos y Herramientas BI Empresariales") -> Unidad 3 Arquitectura de Datos Modernos y Herramientas BI Empresariales | E35: =IFERROR(__xludf.DUMMYFUNCTION("""COMPUTED_VALUE"""),"Bases modernas y arquitectura Microsoft BI") -> Bases modernas y arquitectura Microsoft BI | F35: =IFERROR(__xludf.DUMMYFUNCTION("""COMPUTED_VALUE"""),"Diferencias entre SSIS, SSAS y SSRS") -> Diferencias entre SSIS, SSAS y SSRS | G35: =IFERROR(__xludf.DUMMYFUNCTION("""COMPUTED_VALUE"""),"Agosto") -> Agosto | H35: =IFERROR(__xludf.DUMMYFUNCTION("""COMPUTED_VALUE"""),5.0) -> 5
B36: =IFERROR(__xludf.DUMMYFUNCTION("""COMPUTED_VALUE"""),30.0) -> 30 | C36: =IFERROR(__xludf.DUMMYFUNCTION("""COMPUTED_VALUE"""),"integra soluciones BI con bases de datos modernas y servicios en la nube usando tecnologías como SSMS, SSAS y servicios IAAS/PAAS considerando aspectos de seguridad, virtualización y arquitectura de datos distribuida ") -> integra soluciones BI con bases de datos modernas y servicios en la nube usando tecnologías como SSMS, SSAS y servicios IAAS/PAAS considerando aspectos de seguridad, virtualización y arquitectura de datos distribuida | D36: =IFERROR(__xludf.DUMMYFUNCTION("""COMPUTED_VALUE"""),"Unidad 3 Arquitectura de Datos Modernos y Herramientas BI Empresariales") -> Unidad 3 Arquitectura de Datos Modernos y Herramientas BI Empresariales | E36: =IFERROR(__xludf.DUMMYFUNCTION("""COMPUTED_VALUE"""),"Microsoft BI + Cloud y Seguridad") -> Microsoft BI + Cloud y Seguridad | F36: =IFERROR(__xludf.DUMMYFUNCTION("""COMPUTED_VALUE"""),"Introducción a SSIS") -> Introducción a SSIS | G36: =IFERROR(__xludf.DUMMYFUNCTION("""COMPUTED_VALUE"""),"Agosto") -> Agosto | H36: =IFERROR(__xludf.DUMMYFUNCTION("""COMPUTED_VALUE"""),6.0) -> 6
B37: =IFERROR(__xludf.DUMMYFUNCTION("""COMPUTED_VALUE"""),31.0) -> 31 | C37: =IFERROR(__xludf.DUMMYFUNCTION("""COMPUTED_VALUE"""),"integra soluciones BI con bases de datos modernas y servicios en la nube usando tecnologías como SSMS, SSAS y servicios IAAS/PAAS considerando aspectos de seguridad, virtualización y arquitectura de datos distribuida ") -> integra soluciones BI con bases de datos modernas y servicios en la nube usando tecnologías como SSMS, SSAS y servicios IAAS/PAAS considerando aspectos de seguridad, virtualización y arquitectura de datos distribuida | D37: =IFERROR(__xludf.DUMMYFUNCTION("""COMPUTED_VALUE"""),"Unidad 3 Arquitectura de Datos Modernos y Herramientas BI Empresariales") -> Unidad 3 Arquitectura de Datos Modernos y Herramientas BI Empresariales | E37: =IFERROR(__xludf.DUMMYFUNCTION("""COMPUTED_VALUE"""),"Microsoft BI + Cloud y Seguridad") -> Microsoft BI + Cloud y Seguridad | F37: =IFERROR(__xludf.DUMMYFUNCTION("""COMPUTED_VALUE"""),"Virtualización y federación de datos") -> Virtualización y federación de datos | G37: =IFERROR(__xludf.DUMMYFUNCTION("""COMPUTED_VALUE"""),"Agosto") -> Agosto | H37: =IFERROR(__xludf.DUMMYFUNCTION("""COMPUTED_VALUE"""),6.0) -> 6
B38: =IFERROR(__xludf.DUMMYFUNCTION("""COMPUTED_VALUE"""),32.0) -> 32 | C38: =IFERROR(__xludf.DUMMYFUNCTION("""COMPUTED_VALUE"""),"integra soluciones BI con bases de datos modernas y servicios en la nube usando tecnologías como SSMS, SSAS y servicios IAAS/PAAS considerando aspectos de seguridad, virtualización y arquitectura de datos distribuida ") -> integra soluciones BI con bases de datos modernas y servicios en la nube usando tecnologías como SSMS, SSAS y servicios IAAS/PAAS considerando aspectos de seguridad, virtualización y arquitectura de datos distribuida | D38: =IFERROR(__xludf.DUMMYFUNCTION("""COMPUTED_VALUE"""),"Unidad 3 Arquitectura de Datos Modernos y Herramientas BI Empresariales") -> Unidad 3 Arquitectura de Datos Modernos y Herramientas BI Empresariales | E38: =IFERROR(__xludf.DUMMYFUNCTION("""COMPUTED_VALUE"""),"Microsoft BI + Cloud y Seguridad") -> Microsoft BI + Cloud y Seguridad | F38: =IFERROR(__xludf.DUMMYFUNCTION("""COMPUTED_VALUE"""),"IAAS, PAAS, SAAS en BI") -> IAAS, PAAS, SAAS en BI | G38: =IFERROR(__xludf.DUMMYFUNCTION("""COMPUTED_VALUE"""),"Agosto") -> Agosto | H38: =IFERROR(__xludf.DUMMYFUNCTION("""COMPUTED_VALUE"""),6.0) -> 6
B39: =IFERROR(__xludf.DUMMYFUNCTION("""COMPUTED_VALUE"""),33.0) -> 33 | C39: =IFERROR(__xludf.DUMMYFUNCTION("""COMPUTED_VALUE"""),"integra soluciones BI con bases de datos modernas y servicios en la nube usando tecnologías como SSMS, SSAS y servicios IAAS/PAAS considerando aspectos de seguridad, virtualización y arquitectura de datos distribuida ") -> integra soluciones BI con bases de datos modernas y servicios en la nube usando tecnologías como SSMS, SSAS y servicios IAAS/PAAS considerando aspectos de seguridad, virtualización y arquitectura de datos distribuida | D39: =IFERROR(__xludf.DUMMYFUNCTION("""COMPUTED_VALUE"""),"Unidad 3 Arquitectura de Datos Modernos y Herramientas BI Empresariales") -> Unidad 3 Arquitectura de Datos Modernos y Herramientas BI Empresariales | E39: =IFERROR(__xludf.DUMMYFUNCTION("""COMPUTED_VALUE"""),"Microsoft BI + Cloud y Seguridad") -> Microsoft BI + Cloud y Seguridad | F39: =IFERROR(__xludf.DUMMYFUNCTION("""COMPUTED_VALUE"""),"Seguridad en la nube") -> Seguridad en la nube | G39: =IFERROR(__xludf.DUMMYFUNCTION("""COMPUTED_VALUE"""),"Agosto") -> Agosto | H39: =IFERROR(__xludf.DUMMYFUNCTION("""COMPUTED_VALUE"""),6.0) -> 6
B40: =IFERROR(__xludf.DUMMYFUNCTION("""COMPUTED_VALUE"""),34.0) -> 34 | C40: =IFERROR(__xludf.DUMMYFUNCTION("""COMPUTED_VALUE"""),"integra soluciones BI con bases de datos modernas y servicios en la nube usando tecnologías como SSMS, SSAS y servicios IAAS/PAAS considerando aspectos de seguridad, virtualización y arquitectura de datos distribuida ") -> integra soluciones BI con bases de datos modernas y servicios en la nube usando tecnologías como SSMS, SSAS y servicios IAAS/PAAS considerando aspectos de seguridad, virtualización y arquitectura de datos distribuida | D40: =IFERROR(__xludf.DUMMYFUNCTION("""COMPUTED_VALUE"""),"Unidad 3 Arquitectura de Datos Modernos y Herramientas BI Empresariales") -> Unidad 3 Arquitectura de Datos Modernos y Herramientas BI Empresariales | E40: =IFERROR(__xludf.DUMMYFUNCTION("""COMPUTED_VALUE"""),"Microsoft BI + Cloud y Seguridad") -> Microsoft BI + Cloud y Seguridad | F40: =IFERROR(__xludf.DUMMYFUNCTION("""COMPUTED_VALUE"""),"Nubes híbridas y monitoreo") -> Nubes híbridas y monitoreo | G40: =IFERROR(__xludf.DUMMYFUNCTION("""COMPUTED_VALUE"""),"Agosto") -> Agosto | H40: =IFERROR(__xludf.DUMMYFUNCTION("""COMPUTED_VALUE"""),6.0) -> 6
B41: =IFERROR(__xludf.DUMMYFUNCTION("""COMPUTED_VALUE"""),35.0) -> 35 | C41: =IFERROR(__xludf.DUMMYFUNCTION("""COMPUTED_VALUE"""),"desarrolla tableros e indicadores estratégicos mediante SSAS, SSRS y Power BI para reflejar proyecciones, KPIs y análisis presupuestario conforme a un modelo de Balanced Scorecard ") -> desarrolla tableros e indicadores estratégicos mediante SSAS, SSRS y Power BI para reflejar proyecciones, KPIs y análisis presupuestario conforme a un modelo de Balanced Scorecard | D41: =IFERROR(__xludf.DUMMYFUNCTION("""COMPUTED_VALUE"""),"Unidad 4 Visualización Analítica, KPI y Scorecards en Plataformas BI") -> Unidad 4 Visualización Analítica, KPI y Scorecards en Plataformas BI | E41: =IFERROR(__xludf.DUMMYFUNCTION("""COMPUTED_VALUE"""),"Modelado multidimensional y KPIs con SSAS") -> Modelado multidimensional y KPIs con SSAS | F41: =IFERROR(__xludf.DUMMYFUNCTION("""COMPUTED_VALUE"""),"Diseño de cubos OLAP con KPIs") -> Diseño de cubos OLAP con KPIs | G41: =IFERROR(__xludf.DUMMYFUNCTION("""COMPUTED_VALUE"""),"Agosto") -> Agosto | H41: =IFERROR(__xludf.DUMMYFUNCTION("""COMPUTED_VALUE"""),7.0) -> 7
B42: =IFERROR(__xludf.DUMMYFUNCTION("""COMPUTED_VALUE"""),36.0) -> 36 | C42: =IFERROR(__xludf.DUMMYFUNCTION("""COMPUTED_VALUE"""),"desarrolla tableros e indicadores estratégicos mediante SSAS, SSRS y Power BI para reflejar proyecciones, KPIs y análisis presupuestario conforme a un modelo de Balanced Scorecard ") -> desarrolla tableros e indicadores estratégicos mediante SSAS, SSRS y Power BI para reflejar proyecciones, KPIs y análisis presupuestario conforme a un modelo de Balanced Scorecard | D42: =IFERROR(__xludf.DUMMYFUNCTION("""COMPUTED_VALUE"""),"Unidad 4 Visualización Analítica, KPI y Scorecards en Plataformas BI") -> Unidad 4 Visualización Analítica, KPI y Scorecards en Plataformas BI | E42: =IFERROR(__xludf.DUMMYFUNCTION("""COMPUTED_VALUE"""),"Modelado multidimensional y KPIs con SSAS") -> Modelado multidimensional y KPIs con SSAS | F42: =IFERROR(__xludf.DUMMYFUNCTION("""COMPUTED_VALUE"""),"Modelos tabulares") -> Modelos tabulares | G42: =IFERROR(__xludf.DUMMYFUNCTION("""COMPUTED_VALUE"""),"Agosto") -> Agosto | H42: =IFERROR(__xludf.DUMMYFUNCTION("""COMPUTED_VALUE"""),7.0) -> 7
B43: =IFERROR(__xludf.DUMMYFUNCTION("""COMPUTED_VALUE"""),37.0) -> 37 | C43: =IFERROR(__xludf.DUMMYFUNCTION("""COMPUTED_VALUE"""),"desarrolla tableros e indicadores estratégicos mediante SSAS, SSRS y Power BI para reflejar proyecciones, KPIs y análisis presupuestario conforme a un modelo de Balanced Scorecard ") -> desarrolla tableros e indicadores estratégicos mediante SSAS, SSRS y Power BI para reflejar proyecciones, KPIs y análisis presupuestario conforme a un modelo de Balanced Scorecard | D43: =IFERROR(__xludf.DUMMYFUNCTION("""COMPUTED_VALUE"""),"Unidad 4 Visualización Analítica, KPI y Scorecards en Plataformas BI") -> Unidad 4 Visualización Analítica, KPI y Scorecards en Plataformas BI | E43: =IFERROR(__xludf.DUMMYFUNCTION("""COMPUTED_VALUE"""),"Modelado multidimensional y KPIs con SSAS") -> Modelado multidimensional y KPIs con SSAS | F43: =IFERROR(__xludf.DUMMYFUNCTION("""COMPUTED_VALUE"""),"Consultas con MDX y DAX") -> Consultas con MDX y DAX | G43: =IFERROR(__xludf.DUMMYFUNCTION("""COMPUTED_VALUE"""),"Agosto") -> Agosto | H43: =IFERROR(__xludf.DUMMYFUNCTION("""COMPUTED_VALUE"""),7.0) -> 7
B44: =IFERROR(__xludf.DUMMYFUNCTION("""COMPUTED_VALUE"""),38.0) -> 38 | C44: =IFERROR(__xludf.DUMMYFUNCTION("""COMPUTED_VALUE"""),"desarrolla tableros e indicadores estratégicos mediante SSAS, SSRS y Power BI para reflejar proyecciones, KPIs y análisis presupuestario conforme a un modelo de Balanced Scorecard ") -> desarrolla tableros e indicadores estratégicos mediante SSAS, SSRS y Power BI para reflejar proyecciones, KPIs y análisis presupuestario conforme a un modelo de Balanced Scorecard | D44: =IFERROR(__xludf.DUMMYFUNCTION("""COMPUTED_VALUE"""),"Unidad 4 Visualización Analítica, KPI y Scorecards en Plataformas BI") -> Unidad 4 Visualización Analítica, KPI y Scorecards en Plataformas BI | E44: =IFERROR(__xludf.DUMMYFUNCTION("""COMPUTED_VALUE"""),"Modelado multidimensional y KPIs con SSAS") -> Modelado multidimensional y KPIs con SSAS | F44: =IFERROR(__xludf.DUMMYFUNCTION("""COMPUTED_VALUE"""),"Rolling Forecast y análisis presupuestario") -> Rolling Forecast y análisis presupuestario | G44: =IFERROR(__xludf.DUMMYFUNCTION("""COMPUTED_VALUE"""),"Agosto") -> Agosto | H44: =IFERROR(__xludf.DUMMYFUNCTION("""COMPUTED_VALUE"""),7.0) -> 7
B45: =IFERROR(__xludf.DUMMYFUNCTION("""COMPUTED_VALUE"""),39.0) -> 39 | C45: =IFERROR(__xludf.DUMMYFUNCTION("""COMPUTED_VALUE"""),"desarrolla tableros e indicadores estratégicos mediante SSAS, SSRS y Power BI para reflejar proyecciones, KPIs y análisis presupuestario conforme a un modelo de Balanced Scorecard ") -> desarrolla tableros e indicadores estratégicos mediante SSAS, SSRS y Power BI para reflejar proyecciones, KPIs y análisis presupuestario conforme a un modelo de Balanced Scorecard | D45: =IFERROR(__xludf.DUMMYFUNCTION("""COMPUTED_VALUE"""),"Unidad 4 Visualización Analítica, KPI y Scorecards en Plataformas BI") -> Unidad 4 Visualización Analítica, KPI y Scorecards en Plataformas BI | E45: =IFERROR(__xludf.DUMMYFUNCTION("""COMPUTED_VALUE"""),"Visualización con SSRS y Scorecards") -> Visualización con SSRS y Scorecards | F45: =IFERROR(__xludf.DUMMYFUNCTION("""COMPUTED_VALUE"""),"Reportes con parámetros y filtros") -> Reportes con parámetros y filtros | G45: =IFERROR(__xludf.DUMMYFUNCTION("""COMPUTED_VALUE"""),"Agosto") -> Agosto | H45: =IFERROR(__xludf.DUMMYFUNCTION("""COMPUTED_VALUE"""),7.0) -> 7
B46: =IFERROR(__xludf.DUMMYFUNCTION("""COMPUTED_VALUE"""),40.0) -> 40 | C46: =IFERROR(__xludf.DUMMYFUNCTION("""COMPUTED_VALUE"""),"desarrolla tableros e indicadores estratégicos mediante SSAS, SSRS y Power BI para reflejar proyecciones, KPIs y análisis presupuestario conforme a un modelo de Balanced Scorecard ") -> desarrolla tableros e indicadores estratégicos mediante SSAS, SSRS y Power BI para reflejar proyecciones, KPIs y análisis presupuestario conforme a un modelo de Balanced Scorecard | D46: =IFERROR(__xludf.DUMMYFUNCTION("""COMPUTED_VALUE"""),"Unidad 4 Visualización Analítica, KPI y Scorecards en Plataformas BI") -> Unidad 4 Visualización Analítica, KPI y Scorecards en Plataformas BI | E46: =IFERROR(__xludf.DUMMYFUNCTION("""COMPUTED_VALUE"""),"Visualización con SSRS y Scorecards") -> Visualización con SSRS y Scorecards | F46: =IFERROR(__xludf.DUMMYFUNCTION("""COMPUTED_VALUE"""),"Semáforos y visualizaciones condicionales") -> Semáforos y visualizaciones condicionales | G46: =IFERROR(__xludf.DUMMYFUNCTION("""COMPUTED_VALUE"""),"Agosto") -> Agosto | H46: =IFERROR(__xludf.DUMMYFUNCTION("""COMPUTED_VALUE"""),7.0) -> 7
B47: =IFERROR(__xludf.DUMMYFUNCTION("""COMPUTED_VALUE"""),41.0) -> 41 | C47: =IFERROR(__xludf.DUMMYFUNCTION("""COMPUTED_VALUE"""),"desarrolla tableros e indicadores estratégicos mediante SSAS, SSRS y Power BI para reflejar proyecciones, KPIs y análisis presupuestario conforme a un modelo de Balanced Scorecard ") -> desarrolla tableros e indicadores estratégicos mediante SSAS, SSRS y Power BI para reflejar proyecciones, KPIs y análisis presupuestario conforme a un modelo de Balanced Scorecard | D47: =IFERROR(__xludf.DUMMYFUNCTION("""COMPUTED_VALUE"""),"Unidad 4 Visualización Analítica, KPI y Scorecards en Plataformas BI") -> Unidad 4 Visualización Analítica, KPI y Scorecards en Plataformas BI | E47: =IFERROR(__xludf.DUMMYFUNCTION("""COMPUTED_VALUE"""),"Visualización con SSRS y Scorecards") -> Visualización con SSRS y Scorecards | F47: =IFERROR(__xludf.DUMMYFUNCTION("""COMPUTED_VALUE"""),"Balance Scorecard con SSRS o Power BI") -> Balance Scorecard con SSRS o Power BI | G47: =IFERROR(__xludf.DUMMYFUNCTION("""COMPUTED_VALUE"""),"Agosto") -> Agosto | H47: =IFERROR(__xludf.DUMMYFUNCTION("""COMPUTED_VALUE"""),7.0) -> 7
B48: =IFERROR(__xludf.DUMMYFUNCTION("""COMPUTED_VALUE"""),43.0) -> 43 | C48: =IFERROR(__xludf.DUMMYFUNCTION("""COMPUTED_VALUE"""),"utiliza entornos de procesamiento distribuido con bibliotecas como PySpark y herramientas Big Data para procesar grandes volúmenes de datos estructurados y no estructurados ") -> utiliza entornos de procesamiento distribuido con bibliotecas como PySpark y herramientas Big Data para procesar grandes volúmenes de datos estructurados y no estructurados | D48: =IFERROR(__xludf.DUMMYFUNCTION("""COMPUTED_VALUE"""),"Unidad 5 Análisis de Datos Masivos: Big Data, Hadoop y Procesamiento Distribuido") -> Unidad 5 Análisis de Datos Masivos: Big Data, Hadoop y Procesamiento Distribuido | E48: =IFERROR(__xludf.DUMMYFUNCTION("""COMPUTED_VALUE"""),"Análisis y ecosistemas Big Data") -> Análisis y ecosistemas Big Data | F48: =IFERROR(__xludf.DUMMYFUNCTION("""COMPUTED_VALUE"""),"¿Qué es Big Data? (4 V)") -> ¿Qué es Big Data? (4 V) | G48: =IFERROR(__xludf.DUMMYFUNCTION("""COMPUTED_VALUE"""),"Septiembre") -> Septiembre | H48: =IFERROR(__xludf.DUMMYFUNCTION("""COMPUTED_VALUE"""),8.0) -> 8
B49: =IFERROR(__xludf.DUMMYFUNCTION("""COMPUTED_VALUE"""),44.0) -> 44 | C49: =IFERROR(__xludf.DUMMYFUNCTION("""COMPUTED_VALUE"""),"utiliza entornos de procesamiento distribuido con bibliotecas como PySpark y herramientas Big Data para procesar grandes volúmenes de datos estructurados y no estructurados ") -> utiliza entornos de procesamiento distribuido con bibliotecas como PySpark y herramientas Big Data para procesar grandes volúmenes de datos estructurados y no estructurados | D49: =IFERROR(__xludf.DUMMYFUNCTION("""COMPUTED_VALUE"""),"Unidad 5 Análisis de Datos Masivos: Big Data, Hadoop y Procesamiento Distribuido") -> Unidad 5 Análisis de Datos Masivos: Big Data, Hadoop y Procesamiento Distribuido | E49: =IFERROR(__xludf.DUMMYFUNCTION("""COMPUTED_VALUE"""),"Análisis y ecosistemas Big Data") -> Análisis y ecosistemas Big Data | F49: =IFERROR(__xludf.DUMMYFUNCTION("""COMPUTED_VALUE"""),"Arquitectura de Hadoop") -> Arquitectura de Hadoop | G49: =IFERROR(__xludf.DUMMYFUNCTION("""COMPUTED_VALUE"""),"Septiembre") -> Septiembre | H49: =IFERROR(__xludf.DUMMYFUNCTION("""COMPUTED_VALUE"""),8.0) -> 8
B50: =IFERROR(__xludf.DUMMYFUNCTION("""COMPUTED_VALUE"""),45.0) -> 45 | C50: =IFERROR(__xludf.DUMMYFUNCTION("""COMPUTED_VALUE"""),"utiliza entornos de procesamiento distribuido con bibliotecas como PySpark y herramientas Big Data para procesar grandes volúmenes de datos estructurados y no estructurados ") -> utiliza entornos de procesamiento distribuido con bibliotecas como PySpark y herramientas Big Data para procesar grandes volúmenes de datos estructurados y no estructurados | D50: =IFERROR(__xludf.DUMMYFUNCTION("""COMPUTED_VALUE"""),"Unidad 5 Análisis de Datos Masivos: Big Data, Hadoop y Procesamiento Distribuido") -> Unidad 5 Análisis de Datos Masivos: Big Data, Hadoop y Procesamiento Distribuido | E50: =IFERROR(__xludf.DUMMYFUNCTION("""COMPUTED_VALUE"""),"Análisis y ecosistemas Big Data") -> Análisis y ecosistemas Big Data | F50: =IFERROR(__xludf.DUMMYFUNCTION("""COMPUTED_VALUE"""),"Fundamentos de Python para análisis") -> Fundamentos de Python para análisis | G50: =IFERROR(__xludf.DUMMYFUNCTION("""COMPUTED_VALUE"""),"Septiembre") -> Septiembre | H50: =IFERROR(__xludf.DUMMYFUNCTION("""COMPUTED_VALUE"""),8.0) -> 8
B51: =IFERROR(__xludf.DUMMYFUNCTION("""COMPUTED_VALUE"""),46.0) -> 46 | C51: =IFERROR(__xludf.DUMMYFUNCTION("""COMPUTED_VALUE"""),"utiliza entornos de procesamiento distribuido con bibliotecas como PySpark y herramientas Big Data para procesar grandes volúmenes de datos estructurados y no estructurados ") -> utiliza entornos de procesamiento distribuido con bibliotecas como PySpark y herramientas Big Data para procesar grandes volúmenes de datos estructurados y no estructurados | D51: =IFERROR(__xludf.DUMMYFUNCTION("""COMPUTED_VALUE"""),"Unidad 5 Análisis de Datos Masivos: Big Data, Hadoop y Procesamiento Distribuido") -> Unidad 5 Análisis de Datos Masivos: Big Data, Hadoop y Procesamiento Distribuido | E51: =IFERROR(__xludf.DUMMYFUNCTION("""COMPUTED_VALUE"""),"Análisis y ecosistemas Big Data") -> Análisis y ecosistemas Big Data | F51: =IFERROR(__xludf.DUMMYFUNCTION("""COMPUTED_VALUE"""),"Exploración de datos en Pandas") -> Exploración de datos en Pandas | G51: =IFERROR(__xludf.DUMMYFUNCTION("""COMPUTED_VALUE"""),"Septiembre") -> Septiembre | H51: =IFERROR(__xludf.DUMMYFUNCTION("""COMPUTED_VALUE"""),8.0) -> 8
B52: =IFERROR(__xludf.DUMMYFUNCTION("""COMPUTED_VALUE"""),47.0) -> 47 | C52: =IFERROR(__xludf.DUMMYFUNCTION("""COMPUTED_VALUE"""),"utiliza entornos de procesamiento distribuido con bibliotecas como PySpark y herramientas Big Data para procesar grandes volúmenes de datos estructurados y no estructurados ") -> utiliza entornos de procesamiento distribuido con bibliotecas como PySpark y herramientas Big Data para procesar grandes volúmenes de datos estructurados y no estructurados | D52: =IFERROR(__xludf.DUMMYFUNCTION("""COMPUTED_VALUE"""),"Unidad 5 Análisis de Datos Masivos: Big Data, Hadoop y Procesamiento Distribuido") -> Unidad 5 Análisis de Datos Masivos: Big Data, Hadoop y Procesamiento Distribuido | E52: =IFERROR(__xludf.DUMMYFUNCTION("""COMPUTED_VALUE"""),"Análisis y ecosistemas Big Data") -> Análisis y ecosistemas Big Data | F52: =IFERROR(__xludf.DUMMYFUNCTION("""COMPUTED_VALUE"""),"Carga desde data lakes") -> Carga desde data lakes | G52: =IFERROR(__xludf.DUMMYFUNCTION("""COMPUTED_VALUE"""),"Septiembre") -> Septiembre | H52: =IFERROR(__xludf.DUMMYFUNCTION("""COMPUTED_VALUE"""),8.0) -> 8
B53: =IFERROR(__xludf.DUMMYFUNCTION("""COMPUTED_VALUE"""),48.0) -> 48 | C53: =IFERROR(__xludf.DUMMYFUNCTION("""COMPUTED_VALUE"""),"utiliza entornos de procesamiento distribuido con bibliotecas como PySpark y herramientas Big Data para procesar grandes volúmenes de datos estructurados y no estructurados ") -> utiliza entornos de procesamiento distribuido con bibliotecas como PySpark y herramientas Big Data para procesar grandes volúmenes de datos estructurados y no estructurados | D53: =IFERROR(__xludf.DUMMYFUNCTION("""COMPUTED_VALUE"""),"Unidad 5 Análisis de Datos Masivos: Big Data, Hadoop y Procesamiento Distribuido") -> Unidad 5 Análisis de Datos Masivos: Big Data, Hadoop y Procesamiento Distribuido | E53: =IFERROR(__xludf.DUMMYFUNCTION("""COMPUTED_VALUE"""),"Procesamiento distribuido con PySpark") -> Procesamiento distribuido con PySpark | F53: =IFERROR(__xludf.DUMMYFUNCTION("""COMPUTED_VALUE"""),"Introducción a Spark y PySpark") -> Introducción a Spark y PySpark | G53: =IFERROR(__xludf.DUMMYFUNCTION("""COMPUTED_VALUE"""),"Septiembre") -> Septiembre | H53: =IFERROR(__xludf.DUMMYFUNCTION("""COMPUTED_VALUE"""),9.0) -> 9
B54: =IFERROR(__xludf.DUMMYFUNCTION("""COMPUTED_VALUE"""),49.0) -> 49 | C54: =IFERROR(__xludf.DUMMYFUNCTION("""COMPUTED_VALUE"""),"utiliza entornos de procesamiento distribuido con bibliotecas como PySpark y herramientas Big Data para procesar grandes volúmenes de datos estructurados y no estructurados ") -> utiliza entornos de procesamiento distribuido con bibliotecas como PySpark y herramientas Big Data para procesar grandes volúmenes de datos estructurados y no estructurados | D54: =IFERROR(__xludf.DUMMYFUNCTION("""COMPUTED_VALUE"""),"Unidad 5 Análisis de Datos Masivos: Big Data, Hadoop y Procesamiento Distribuido") -> Unidad 5 Análisis de Datos Masivos: Big Data, Hadoop y Procesamiento Distribuido | E54: =IFERROR(__xludf.DUMMYFUNCTION("""COMPUTED_VALUE"""),"Procesamiento distribuido con PySpark") -> Procesamiento distribuido con PySpark | F54: =IFERROR(__xludf.DUMMYFUNCTION("""COMPUTED_VALUE"""),"Comparativa Pandas vs PySpark") -> Comparativa Pandas vs PySpark | G54: =IFERROR(__xludf.DUMMYFUNCTION("""COMPUTED_VALUE"""),"Septiembre") -> Septiembre | H54: =IFERROR(__xludf.DUMMYFUNCTION("""COMPUTED_VALUE"""),9.0) -> 9
B55: =IFERROR(__xludf.DUMMYFUNCTION("""COMPUTED_VALUE"""),50.0) -> 50 | C55: =IFERROR(__xludf.DUMMYFUNCTION("""COMPUTED_VALUE"""),"utiliza entornos de procesamiento distribuido con bibliotecas como PySpark y herramientas Big Data para procesar grandes volúmenes de datos estructurados y no estructurados ") -> utiliza entornos de procesamiento distribuido con bibliotecas como PySpark y herramientas Big Data para procesar grandes volúmenes de datos estructurados y no estructurados | D55: =IFERROR(__xludf.DUMMYFUNCTION("""COMPUTED_VALUE"""),"Unidad 5 Análisis de Datos Masivos: Big Data, Hadoop y Procesamiento Distribuido") -> Unidad 5 Análisis de Datos Masivos: Big Data, Hadoop y Procesamiento Distribuido | E55: =IFERROR(__xludf.DUMMYFUNCTION("""COMPUTED_VALUE"""),"Procesamiento distribuido con PySpark") -> Procesamiento distribuido con PySpark | F55: =IFERROR(__xludf.DUMMYFUNCTION("""COMPUTED_VALUE"""),"Conexión a bases NoSQL") -> Conexión a bases NoSQL | G55: =IFERROR(__xludf.DUMMYFUNCTION("""COMPUTED_VALUE"""),"Septiembre") -> Septiembre | H55: =IFERROR(__xludf.DUMMYFUNCTION("""COMPUTED_VALUE"""),9.0) -> 9
B56: =IFERROR(__xludf.DUMMYFUNCTION("""COMPUTED_VALUE"""),51.0) -> 51 | C56: =IFERROR(__xludf.DUMMYFUNCTION("""COMPUTED_VALUE"""),"utiliza entornos de procesamiento distribuido con bibliotecas como PySpark y herramientas Big Data para procesar grandes volúmenes de datos estructurados y no estructurados ") -> utiliza entornos de procesamiento distribuido con bibliotecas como PySpark y herramientas Big Data para procesar grandes volúmenes de datos estructurados y no estructurados | D56: =IFERROR(__xludf.DUMMYFUNCTION("""COMPUTED_VALUE"""),"Unidad 5 Análisis de Datos Masivos: Big Data, Hadoop y Procesamiento Distribuido") -> Unidad 5 Análisis de Datos Masivos: Big Data, Hadoop y Procesamiento Distribuido | E56: =IFERROR(__xludf.DUMMYFUNCTION("""COMPUTED_VALUE"""),"Procesamiento distribuido con PySpark") -> Procesamiento distribuido con PySpark | F56: =IFERROR(__xludf.DUMMYFUNCTION("""COMPUTED_VALUE"""),"Análisis de datos no estructurados") -> Análisis de datos no estructurados | G56: =IFERROR(__xludf.DUMMYFUNCTION("""COMPUTED_VALUE"""),"Septiembre") -> Septiembre | H56: =IFERROR(__xludf.DUMMYFUNCTION("""COMPUTED_VALUE"""),9.0) -> 9
B57: =IFERROR(__xludf.DUMMYFUNCTION("""COMPUTED_VALUE"""),52.0) -> 52 | C57: =IFERROR(__xludf.DUMMYFUNCTION("""COMPUTED_VALUE"""),"utiliza entornos de procesamiento distribuido con bibliotecas como PySpark y herramientas Big Data para procesar grandes volúmenes de datos estructurados y no estructurados ") -> utiliza entornos de procesamiento distribuido con bibliotecas como PySpark y herramientas Big Data para procesar grandes volúmenes de datos estructurados y no estructurados | D57: =IFERROR(__xludf.DUMMYFUNCTION("""COMPUTED_VALUE"""),"Unidad 5 Análisis de Datos Masivos: Big Data, Hadoop y Procesamiento Distribuido") -> Unidad 5 Análisis de Datos Masivos: Big Data, Hadoop y Procesamiento Distribuido | E57: =IFERROR(__xludf.DUMMYFUNCTION("""COMPUTED_VALUE"""),"Procesamiento distribuido con PySpark") -> Procesamiento distribuido con PySpark | F57: =IFERROR(__xludf.DUMMYFUNCTION("""COMPUTED_VALUE"""),"Procesamiento de volúmenes grandes") -> Procesamiento de volúmenes grandes | G57: =IFERROR(__xludf.DUMMYFUNCTION("""COMPUTED_VALUE"""),"Septiembre") -> Septiembre | H57: =IFERROR(__xludf.DUMMYFUNCTION("""COMPUTED_VALUE"""),9.0) -> 9
B58: =IFERROR(__xludf.DUMMYFUNCTION("""COMPUTED_VALUE"""),53.0) -> 53 | C58: =IFERROR(__xludf.DUMMYFUNCTION("""COMPUTED_VALUE"""),"construye modelos predictivos y análisis de sentimientos usando bibliotecas Python como Scikit-learn y NLTK siguiendo la metodología CRISP-DM para resolver problemas reales a partir de datos estructurados/textuales ") -> construye modelos predictivos y análisis de sentimientos usando bibliotecas Python como Scikit-learn y NLTK siguiendo la metodología CRISP-DM para resolver problemas reales a partir de datos estructurados/textuales | D58: =IFERROR(__xludf.DUMMYFUNCTION("""COMPUTED_VALUE"""),"Unidad 6 Ciencia de Datos: Modelado Predictivo y Análisis de Texto con Python") -> Unidad 6 Ciencia de Datos: Modelado Predictivo y Análisis de Texto con Python | E58: =IFERROR(__xludf.DUMMYFUNCTION("""COMPUTED_VALUE"""),"Visualización avanzada para ciencia de datos") -> Visualización avanzada para ciencia de datos | F58: =IFERROR(__xludf.DUMMYFUNCTION("""COMPUTED_VALUE"""),"Matplotlib y Seaborn") -> Matplotlib y Seaborn | G58: =IFERROR(__xludf.DUMMYFUNCTION("""COMPUTED_VALUE"""),"Septiembre") -> Septiembre | H58: =IFERROR(__xludf.DUMMYFUNCTION("""COMPUTED_VALUE"""),10.0) -> 10
B59: =IFERROR(__xludf.DUMMYFUNCTION("""COMPUTED_VALUE"""),54.0) -> 54 | C59: =IFERROR(__xludf.DUMMYFUNCTION("""COMPUTED_VALUE"""),"construye modelos predictivos y análisis de sentimientos usando bibliotecas Python como Scikit-learn y NLTK siguiendo la metodología CRISP-DM para resolver problemas reales a partir de datos estructurados/textuales ") -> construye modelos predictivos y análisis de sentimientos usando bibliotecas Python como Scikit-learn y NLTK siguiendo la metodología CRISP-DM para resolver problemas reales a partir de datos estructurados/textuales | D59: =IFERROR(__xludf.DUMMYFUNCTION("""COMPUTED_VALUE"""),"Unidad 6 Ciencia de Datos: Modelado Predictivo y Análisis de Texto con Python") -> Unidad 6 Ciencia de Datos: Modelado Predictivo y Análisis de Texto con Python | E59: =IFERROR(__xludf.DUMMYFUNCTION("""COMPUTED_VALUE"""),"Visualización avanzada para ciencia de datos") -> Visualización avanzada para ciencia de datos | F59: =IFERROR(__xludf.DUMMYFUNCTION("""COMPUTED_VALUE"""),"Dashboards con subplots") -> Dashboards con subplots | G59: =IFERROR(__xludf.DUMMYFUNCTION("""COMPUTED_VALUE"""),"Septiembre") -> Septiembre | H59: =IFERROR(__xludf.DUMMYFUNCTION("""COMPUTED_VALUE"""),10.0) -> 10
B60: =IFERROR(__xludf.DUMMYFUNCTION("""COMPUTED_VALUE"""),55.0) -> 55 | C60: =IFERROR(__xludf.DUMMYFUNCTION("""COMPUTED_VALUE"""),"construye modelos predictivos y análisis de sentimientos usando bibliotecas Python como Scikit-learn y NLTK siguiendo la metodología CRISP-DM para resolver problemas reales a partir de datos estructurados/textuales ") -> construye modelos predictivos y análisis de sentimientos usando bibliotecas Python como Scikit-learn y NLTK siguiendo la metodología CRISP-DM para resolver problemas reales a partir de datos estructurados/textuales | D60: =IFERROR(__xludf.DUMMYFUNCTION("""COMPUTED_VALUE"""),"Unidad 6 Ciencia de Datos: Modelado Predictivo y Análisis de Texto con Python") -> Unidad 6 Ciencia de Datos: Modelado Predictivo y Análisis de Texto con Python | E60: =IFERROR(__xludf.DUMMYFUNCTION("""COMPUTED_VALUE"""),"Visualización avanzada para ciencia de datos") -> Visualización avanzada para ciencia de datos | F60: =IFERROR(__xludf.DUMMYFUNCTION("""COMPUTED_VALUE"""),"Gráficos estadísticos") -> Gráficos estadísticos | G60: =IFERROR(__xludf.DUMMYFUNCTION("""COMPUTED_VALUE"""),"Septiembre") -> Septiembre | H60: =IFERROR(__xludf.DUMMYFUNCTION("""COMPUTED_VALUE"""),10.0) -> 10
B61: =IFERROR(__xludf.DUMMYFUNCTION("""COMPUTED_VALUE"""),56.0) -> 56 | C61: =IFERROR(__xludf.DUMMYFUNCTION("""COMPUTED_VALUE"""),"construye modelos predictivos y análisis de sentimientos usando bibliotecas Python como Scikit-learn y NLTK siguiendo la metodología CRISP-DM para resolver problemas reales a partir de datos estructurados/textuales ") -> construye modelos predictivos y análisis de sentimientos usando bibliotecas Python como Scikit-learn y NLTK siguiendo la metodología CRISP-DM para resolver problemas reales a partir de datos estructurados/textuales | D61: =IFERROR(__xludf.DUMMYFUNCTION("""COMPUTED_VALUE"""),"Unidad 6 Ciencia de Datos: Modelado Predictivo y Análisis de Texto con Python") -> Unidad 6 Ciencia de Datos: Modelado Predictivo y Análisis de Texto con Python | E61: =IFERROR(__xludf.DUMMYFUNCTION("""COMPUTED_VALUE"""),"Visualización avanzada para ciencia de datos") -> Visualización avanzada para ciencia de datos | F61: =IFERROR(__xludf.DUMMYFUNCTION("""COMPUTED_VALUE"""),"Rol del científico e ingeniero de datos") -> Rol del científico e ingeniero de datos | G61: =IFERROR(__xludf.DUMMYFUNCTION("""COMPUTED_VALUE"""),"Septiembre") -> Septiembre | H61: =IFERROR(__xludf.DUMMYFUNCTION("""COMPUTED_VALUE"""),10.0) -> 10
B62: =IFERROR(__xludf.DUMMYFUNCTION("""COMPUTED_VALUE"""),57.0) -> 57 | C62: =IFERROR(__xludf.DUMMYFUNCTION("""COMPUTED_VALUE"""),"construye modelos predictivos y análisis de sentimientos usando bibliotecas Python como Scikit-learn y NLTK siguiendo la metodología CRISP-DM para resolver problemas reales a partir de datos estructurados/textuales ") -> construye modelos predictivos y análisis de sentimientos usando bibliotecas Python como Scikit-learn y NLTK siguiendo la metodología CRISP-DM para resolver problemas reales a partir de datos estructurados/textuales | D62: =IFERROR(__xludf.DUMMYFUNCTION("""COMPUTED_VALUE"""),"Unidad 6 Ciencia de Datos: Modelado Predictivo y Análisis de Texto con Python") -> Unidad 6 Ciencia de Datos: Modelado Predictivo y Análisis de Texto con Python | E62: =IFERROR(__xludf.DUMMYFUNCTION("""COMPUTED_VALUE"""),"Modelos predictivos y procesamiento de texto") -> Modelos predictivos y procesamiento de texto | F62: =IFERROR(__xludf.DUMMYFUNCTION("""COMPUTED_VALUE"""),"CRISP-DM y Scikit-learn") -> CRISP-DM y Scikit-learn | G62: =IFERROR(__xludf.DUMMYFUNCTION("""COMPUTED_VALUE"""),"Septiembre") -> Septiembre | H62: =IFERROR(__xludf.DUMMYFUNCTION("""COMPUTED_VALUE"""),10.0) -> 10
B63: =IFERROR(__xludf.DUMMYFUNCTION("""COMPUTED_VALUE"""),58.0) -> 58 | C63: =IFERROR(__xludf.DUMMYFUNCTION("""COMPUTED_VALUE"""),"construye modelos predictivos y análisis de sentimientos usando bibliotecas Python como Scikit-learn y NLTK siguiendo la metodología CRISP-DM para resolver problemas reales a partir de datos estructurados/textuales ") -> construye modelos predictivos y análisis de sentimientos usando bibliotecas Python como Scikit-learn y NLTK siguiendo la metodología CRISP-DM para resolver problemas reales a partir de datos estructurados/textuales | D63: =IFERROR(__xludf.DUMMYFUNCTION("""COMPUTED_VALUE"""),"Unidad 6 Ciencia de Datos: Modelado Predictivo y Análisis de Texto con Python") -> Unidad 6 Ciencia de Datos: Modelado Predictivo y Análisis de Texto con Python | E63: =IFERROR(__xludf.DUMMYFUNCTION("""COMPUTED_VALUE"""),"Modelos predictivos y procesamiento de texto") -> Modelos predictivos y procesamiento de texto | F63: =IFERROR(__xludf.DUMMYFUNCTION("""COMPUTED_VALUE"""),"Modelo de regresión") -> Modelo de regresión | G63: =IFERROR(__xludf.DUMMYFUNCTION("""COMPUTED_VALUE"""),"Septiembre") -> Septiembre | H63: =IFERROR(__xludf.DUMMYFUNCTION("""COMPUTED_VALUE"""),10.0) -> 10
B64: =IFERROR(__xludf.DUMMYFUNCTION("""COMPUTED_VALUE"""),59.0) -> 59 | C64: =IFERROR(__xludf.DUMMYFUNCTION("""COMPUTED_VALUE"""),"construye modelos predictivos y análisis de sentimientos usando bibliotecas Python como Scikit-learn y NLTK siguiendo la metodología CRISP-DM para resolver problemas reales a partir de datos estructurados/textuales ") -> construye modelos predictivos y análisis de sentimientos usando bibliotecas Python como Scikit-learn y NLTK siguiendo la metodología CRISP-DM para resolver problemas reales a partir de datos estructurados/textuales | D64: =IFERROR(__xludf.DUMMYFUNCTION("""COMPUTED_VALUE"""),"Unidad 6 Ciencia de Datos: Modelado Predictivo y Análisis de Texto con Python") -> Unidad 6 Ciencia de Datos: Modelado Predictivo y Análisis de Texto con Python | E64: =IFERROR(__xludf.DUMMYFUNCTION("""COMPUTED_VALUE"""),"Modelos predictivos y procesamiento de texto") -> Modelos predictivos y procesamiento de texto | F64: =IFERROR(__xludf.DUMMYFUNCTION("""COMPUTED_VALUE"""),"Clasificación y Bag of Words") -> Clasificación y Bag of Words | G64: =IFERROR(__xludf.DUMMYFUNCTION("""COMPUTED_VALUE"""),"Septiembre") -> Septiembre | H64: =IFERROR(__xludf.DUMMYFUNCTION("""COMPUTED_VALUE"""),10.0) -> 10
B65: =IFERROR(__xludf.DUMMYFUNCTION("""COMPUTED_VALUE"""),61.0) -> 61 | C65: =IFERROR(__xludf.DUMMYFUNCTION("""COMPUTED_VALUE"""),"administra proyectos de análisis de datos en la nube con herramientas como BigQuery y Google Cloud Platform aplicando principios de gobierno de datos, seguridad y control de acceso ") -> administra proyectos de análisis de datos en la nube con herramientas como BigQuery y Google Cloud Platform aplicando principios de gobierno de datos, seguridad y control de acceso | D65: =IFERROR(__xludf.DUMMYFUNCTION("""COMPUTED_VALUE"""),"Unidad 7 Gobierno de Datos y Machine Learning en Entornos Cloud con BigQuery") -> Unidad 7 Gobierno de Datos y Machine Learning en Entornos Cloud con BigQuery | E65: =IFERROR(__xludf.DUMMYFUNCTION("""COMPUTED_VALUE"""),"Gobierno de datos con BigQuery") -> Gobierno de datos con BigQuery | F65: =IFERROR(__xludf.DUMMYFUNCTION("""COMPUTED_VALUE"""),"¿Qué es BigQuery?") -> ¿Qué es BigQuery? | G65: =IFERROR(__xludf.DUMMYFUNCTION("""COMPUTED_VALUE"""),"Septiembre") -> Septiembre | H65: =IFERROR(__xludf.DUMMYFUNCTION("""COMPUTED_VALUE"""),11.0) -> 11
B66: =IFERROR(__xludf.DUMMYFUNCTION("""COMPUTED_VALUE"""),62.0) -> 62 | C66: =IFERROR(__xludf.DUMMYFUNCTION("""COMPUTED_VALUE"""),"administra proyectos de análisis de datos en la nube con herramientas como BigQuery y Google Cloud Platform aplicando principios de gobierno de datos, seguridad y control de acceso ") -> administra proyectos de análisis de datos en la nube con herramientas como BigQuery y Google Cloud Platform aplicando principios de gobierno de datos, seguridad y control de acceso | D66: =IFERROR(__xludf.DUMMYFUNCTION("""COMPUTED_VALUE"""),"Unidad 7 Gobierno de Datos y Machine Learning en Entornos Cloud con BigQuery") -> Unidad 7 Gobierno de Datos y Machine Learning en Entornos Cloud con BigQuery | E66: =IFERROR(__xludf.DUMMYFUNCTION("""COMPUTED_VALUE"""),"Gobierno de datos con BigQuery") -> Gobierno de datos con BigQuery | F66: =IFERROR(__xludf.DUMMYFUNCTION("""COMPUTED_VALUE"""),"Arquitectura, precios y permisos") -> Arquitectura, precios y permisos | G66: =IFERROR(__xludf.DUMMYFUNCTION("""COMPUTED_VALUE"""),"Septiembre") -> Septiembre | H66: =IFERROR(__xludf.DUMMYFUNCTION("""COMPUTED_VALUE"""),11.0) -> 11
B67: =IFERROR(__xludf.DUMMYFUNCTION("""COMPUTED_VALUE"""),63.0) -> 63 | C67: =IFERROR(__xludf.DUMMYFUNCTION("""COMPUTED_VALUE"""),"administra proyectos de análisis de datos en la nube con herramientas como BigQuery y Google Cloud Platform aplicando principios de gobierno de datos, seguridad y control de acceso ") -> administra proyectos de análisis de datos en la nube con herramientas como BigQuery y Google Cloud Platform aplicando principios de gobierno de datos, seguridad y control de acceso | D67: =IFERROR(__xludf.DUMMYFUNCTION("""COMPUTED_VALUE"""),"Unidad 7 Gobierno de Datos y Machine Learning en Entornos Cloud con BigQuery") -> Unidad 7 Gobierno de Datos y Machine Learning en Entornos Cloud con BigQuery | E67: =IFERROR(__xludf.DUMMYFUNCTION("""COMPUTED_VALUE"""),"Gobierno de datos con BigQuery") -> Gobierno de datos con BigQuery | F67: =IFERROR(__xludf.DUMMYFUNCTION("""COMPUTED_VALUE"""),"Aplicación del gobierno de datos") -> Aplicación del gobierno de datos | G67: =IFERROR(__xludf.DUMMYFUNCTION("""COMPUTED_VALUE"""),"Septiembre") -> Septiembre | H67: =IFERROR(__xludf.DUMMYFUNCTION("""COMPUTED_VALUE"""),11.0) -> 11
B68: =IFERROR(__xludf.DUMMYFUNCTION("""COMPUTED_VALUE"""),64.0) -> 64 | C68: =IFERROR(__xludf.DUMMYFUNCTION("""COMPUTED_VALUE"""),"administra proyectos de análisis de datos en la nube con herramientas como BigQuery y Google Cloud Platform aplicando principios de gobierno de datos, seguridad y control de acceso ") -> administra proyectos de análisis de datos en la nube con herramientas como BigQuery y Google Cloud Platform aplicando principios de gobierno de datos, seguridad y control de acceso | D68: =IFERROR(__xludf.DUMMYFUNCTION("""COMPUTED_VALUE"""),"Unidad 7 Gobierno de Datos y Machine Learning en Entornos Cloud con BigQuery") -> Unidad 7 Gobierno de Datos y Machine Learning en Entornos Cloud con BigQuery | E68: =IFERROR(__xludf.DUMMYFUNCTION("""COMPUTED_VALUE"""),"Modelado y ML con BigQuery") -> Modelado y ML con BigQuery | F68: =IFERROR(__xludf.DUMMYFUNCTION("""COMPUTED_VALUE"""),"Optimización de consultas") -> Optimización de consultas | G68: =IFERROR(__xludf.DUMMYFUNCTION("""COMPUTED_VALUE"""),"Noviembre") -> Noviembre | H68: =IFERROR(__xludf.DUMMYFUNCTION("""COMPUTED_VALUE"""),11.0) -> 11
B69: =IFERROR(__xludf.DUMMYFUNCTION("""COMPUTED_VALUE"""),65.0) -> 65 | C69: =IFERROR(__xludf.DUMMYFUNCTION("""COMPUTED_VALUE"""),"administra proyectos de análisis de datos en la nube con herramientas como BigQuery y Google Cloud Platform aplicando principios de gobierno de datos, seguridad y control de acceso ") -> administra proyectos de análisis de datos en la nube con herramientas como BigQuery y Google Cloud Platform aplicando principios de gobierno de datos, seguridad y control de acceso | D69: =IFERROR(__xludf.DUMMYFUNCTION("""COMPUTED_VALUE"""),"Unidad 7 Gobierno de Datos y Machine Learning en Entornos Cloud con BigQuery") -> Unidad 7 Gobierno de Datos y Machine Learning en Entornos Cloud con BigQuery | E69: =IFERROR(__xludf.DUMMYFUNCTION("""COMPUTED_VALUE"""),"Modelado y ML con BigQuery") -> Modelado y ML con BigQuery | F69: =IFERROR(__xludf.DUMMYFUNCTION("""COMPUTED_VALUE"""),"Tablas materializadas y vistas") -> Tablas materializadas y vistas | G69: =IFERROR(__xludf.DUMMYFUNCTION("""COMPUTED_VALUE"""),"Noviembre") -> Noviembre | H69: =IFERROR(__xludf.DUMMYFUNCTION("""COMPUTED_VALUE"""),11.0) -> 11
B70: =IFERROR(__xludf.DUMMYFUNCTION("""COMPUTED_VALUE"""),66.0) -> 66 | C70: =IFERROR(__xludf.DUMMYFUNCTION("""COMPUTED_VALUE"""),"administra proyectos de análisis de datos en la nube con herramientas como BigQuery y Google Cloud Platform aplicando principios de gobierno de datos, seguridad y control de acceso ") -> administra proyectos de análisis de datos en la nube con herramientas como BigQuery y Google Cloud Platform aplicando principios de gobierno de datos, seguridad y control de acceso | D70: =IFERROR(__xludf.DUMMYFUNCTION("""COMPUTED_VALUE"""),"Unidad 7 Gobierno de Datos y Machine Learning en Entornos Cloud con BigQuery") -> Unidad 7 Gobierno de Datos y Machine Learning en Entornos Cloud con BigQuery | E70: =IFERROR(__xludf.DUMMYFUNCTION("""COMPUTED_VALUE"""),"Modelado y ML con BigQuery") -> Modelado y ML con BigQuery | F70: =IFERROR(__xludf.DUMMYFUNCTION("""COMPUTED_VALUE"""),"BigQuery ML") -> BigQuery ML | G70: =IFERROR(__xludf.DUMMYFUNCTION("""COMPUTED_VALUE"""),"Noviembre") -> Noviembre | H70: =IFERROR(__xludf.DUMMYFUNCTION("""COMPUTED_VALUE"""),11.0) -> 11
B71: =IFERROR(__xludf.DUMMYFUNCTION("""COMPUTED_VALUE"""),67.0) -> 67 | C71: =IFERROR(__xludf.DUMMYFUNCTION("""COMPUTED_VALUE"""),"administra proyectos de análisis de datos en la nube con herramientas como BigQuery y Google Cloud Platform aplicando principios de gobierno de datos, seguridad y control de acceso ") -> administra proyectos de análisis de datos en la nube con herramientas como BigQuery y Google Cloud Platform aplicando principios de gobierno de datos, seguridad y control de acceso | D71: =IFERROR(__xludf.DUMMYFUNCTION("""COMPUTED_VALUE"""),"Unidad 7 Gobierno de Datos y Machine Learning en Entornos Cloud con BigQuery") -> Unidad 7 Gobierno de Datos y Machine Learning en Entornos Cloud con BigQuery | E71: =IFERROR(__xludf.DUMMYFUNCTION("""COMPUTED_VALUE"""),"Modelado y ML con BigQuery") -> Modelado y ML con BigQuery | F71: =IFERROR(__xludf.DUMMYFUNCTION("""COMPUTED_VALUE"""),"Exportación a herramientas externas") -> Exportación a herramientas externas | G71: =IFERROR(__xludf.DUMMYFUNCTION("""COMPUTED_VALUE"""),"Noviembre") -> Noviembre | H71: =IFERROR(__xludf.DUMMYFUNCTION("""COMPUTED_VALUE"""),11.0) -> 11

Sheet METADA
A1: =IFERROR(__xludf.DUMMYFUNCTION("IMPORTRANGE(""1--DGkU5oDw3gpAa_rQkeu1olWCf2iv8Pm7BNjqiyiuY"",""Listado Cursos!H:J"")"),"Codigo - Nombre") -> Codigo - Nombre | B1: =IFERROR(__xludf.DUMMYFUNCTION("""COMPUTED_VALUE"""),"Diseño Curricular") -> Diseño Curricular | C1: =IFERROR(__xludf.DUMMYFUNCTION("""COMPUTED_VALUE"""),"Analisis de contexto") -> Analisis de contexto | D1: =IFERROR(__xludf.DUMMYFUNCTION("IMPORTRANGE(VLOOKUP(Competencias_actuales!F4,A:C,3,FALSE),""Competencias!B21:J35"")"),"No") -> No | E1: =IFERROR(__xludf.DUMMYFUNCTION("""COMPUTED_VALUE"""),"Tipo") -> Tipo | F1: =IFERROR(__xludf.DUMMYFUNCTION("""COMPUTED_VALUE"""),"Verbo en Presente") -> Verbo en Presente | G1: =IFERROR(__xludf.DUMMYFUNCTION("""COMPUTED_VALUE"""),"Objeto de la acción") -> Objeto de la acción | I1: =IFERROR(__xludf.DUMMYFUNCTION("""COMPUTED_VALUE"""),"[Palabras conectoreas] Herramientas o metodología") -> [Palabras conectoreas] Herramientas o metodología | J1: =IFERROR(__xludf.DUMMYFUNCTION("""COMPUTED_VALUE"""),"[Palabras conectoreas] Condiciones específicas") -> [Palabras conectoreas] Condiciones específicas | L1: =IFERROR(__xludf.DUMMYFUNCTION("""COMPUTED_VALUE"""),"Nivel") -> Nivel | V1: =IFERROR(__xludf.DUMMYFUNCTION("QUERY(IMPORTRANGE(""1--DGkU5oDw3gpAa_rQkeu1olWCf2iv8Pm7BNjqiyiuY"", ""Perfil egresado!A:C""), ""SELECT Col2, Col3 WHERE Col1 = 'Competencia General' ORDER BY Col2"")"),"No.") -> No. | W1: =IFERROR(__xludf.DUMMYFUNCTION("""COMPUTED_VALUE"""),"Descripcion") -> Descripcion | Y1: =IFERROR(__xludf.DUMMYFUNCTION("QUERY(IMPORTRANGE(""1--DGkU5oDw3gpAa_rQkeu1olWCf2iv8Pm7BNjqiyiuY"", ""Perfil egresado!A:C""), ""SELECT Col2, Col3 WHERE Col1 = 'Competencias Específica' ORDER BY Col2"")"),"No.") -> No. | Z1: =IFERROR(__xludf.DUMMYFUNCTION("""COMPUTED_VALUE"""),"Descripcion") -> Descripcion
A2: =IFERROR(__xludf.DUMMYFUNCTION("""COMPUTED_VALUE"""),"17 - Área Social Humanística 1") -> 17 - Área Social Humanística 1 | D2: =IFERROR(__xludf.DUMMYFUNCTION("""COMPUTED_VALUE"""),1.0) -> 1 | E2: =IFERROR(__xludf.DUMMYFUNCTION("""COMPUTED_VALUE"""),"Especifica") -> Especifica | F2: =IFERROR(__xludf.DUMMYFUNCTION("""COMPUTED_VALUE"""),"Explica") -> Explica | G2: =IFERROR(__xludf.DUMMYFUNCTION("""COMPUTED_VALUE"""),"el concepto de Cloud Computing, sus modelos de servicio y las ventajas y limitaciones de distintos proveedores Cloud ") -> el concepto de Cloud Computing, sus modelos de servicio y las ventajas y limitaciones de distintos proveedores Cloud | I2: =IFERROR(__xludf.DUMMYFUNCTION("""COMPUTED_VALUE"""),"mediante ejemplos cotidianos, casos de uso empresarial y comparativas") -> mediante ejemplos cotidianos, casos de uso empresarial y comparativas | J2: =IFERROR(__xludf.DUMMYFUNCTION("""COMPUTED_VALUE"""),"para el desarrollo de infraestructuras escalables y rentables.") -> para el desarrollo de infraestructuras escalables y rentables. | L2: =IFERROR(__xludf.DUMMYFUNCTION("""COMPUTED_VALUE"""),"Comprender") -> Comprender | V2: =IFERROR(__xludf.DUMMYFUNCTION("""COMPUTED_VALUE"""),1.0) -> 1 | W2: =IFERROR(__xludf.DUMMYFUNCTION("""COMPUTED_VALUE"""),"Aplica los conocimientos de su disciplina en la elaboración, fundamentación y defensa de argumentos para prevenir y resolver problemas complejos en su campo profesional, identificando y aplicando innovaciones.") -> Aplica los conocimientos de su disciplina en la elaboración, fundamentación y defensa de argumentos para prevenir y resolver problemas complejos en su campo profesional, identificando y aplicando innovaciones. | Y2: =IFERROR(__xludf.DUMMYFUNCTION("""COMPUTED_VALUE"""),1.0) -> 1 | Z2: =IFERROR(__xludf.DUMMYFUNCTION("""COMPUTED_VALUE"""),"Aplica principios básicos de ingeniería, ciencias de computación y sistemas de información y comunicación, en la formulación y resolución adecuada de problemas complejos.") -> Aplica principios básicos de ingeniería, ciencias de computación y sistemas de información y comunicación, en la formulación y resolución adecuada de problemas complejos.
A3: =IFERROR(__xludf.DUMMYFUNCTION("""COMPUTED_VALUE"""),"101 - Área Matemática Básica 1") -> 101 - Área Matemática Básica 1 | E3: =IFERROR(__xludf.DUMMYFUNCTION("""COMPUTED_VALUE"""),"Explica el concepto de Cloud Computing, sus modelos de servicio y las ventajas y limitaciones de distintos proveedores Cloud mediante ejemplos cotidianos, casos de uso empresarial y comparativas para el desarrollo de infraestructuras escalables y rentab"&"les. ") -> Explica el concepto de Cloud Computing, sus modelos de servicio y las ventajas y limitaciones de distintos proveedores Cloud mediante ejemplos cotidianos, casos de uso empresarial y comparativas para el desarrollo de infraestructuras escalables y rentables. | V3: =IFERROR(__xludf.DUMMYFUNCTION("""COMPUTED_VALUE"""),2.0) -> 2 | W3: =IFERROR(__xludf.DUMMYFUNCTION("""COMPUTED_VALUE"""),"Identifica oportunidades y riesgos para la innovación y adaptación de conocimientos y tecnologías para resolver problemas.") -> Identifica oportunidades y riesgos para la innovación y adaptación de conocimientos y tecnologías para resolver problemas. | Y3: =IFERROR(__xludf.DUMMYFUNCTION("""COMPUTED_VALUE"""),2.0) -> 2 | Z3: =IFERROR(__xludf.DUMMYFUNCTION("""COMPUTED_VALUE"""),"Aplica estándares de calidad, eficiencia y seguridad en la implementación adecuada de soluciones de software, hardware y TIC en general.") -> Aplica estándares de calidad, eficiencia y seguridad en la implementación adecuada de soluciones de software, hardware y TIC en general.
A4: =IFERROR(__xludf.DUMMYFUNCTION("""COMPUTED_VALUE"""),"5 - Técnicas de Estudio e Investigación") -> 5 - Técnicas de Estudio e Investigación | D4: =IFERROR(__xludf.DUMMYFUNCTION("""COMPUTED_VALUE"""),2.0) -> 2 | E4: =IFERROR(__xludf.DUMMYFUNCTION("""COMPUTED_VALUE"""),"Especifica") -> Especifica | F4: =IFERROR(__xludf.DUMMYFUNCTION("""COMPUTED_VALUE"""),"Implementa") -> Implementa | G4: =IFERROR(__xludf.DUMMYFUNCTION("""COMPUTED_VALUE"""),"servicios básicos de Cloud") -> servicios básicos de Cloud | I4: =IFERROR(__xludf.DUMMYFUNCTION("""COMPUTED_VALUE"""),"utilizando Amazon EC2, Amazon RDS, Amazon S3, Azure Virtual Machines, Azure SQL, Azure Blob Storage, Azure App Services y Azure Logic Apps") -> utilizando Amazon EC2, Amazon RDS, Amazon S3, Azure Virtual Machines, Azure SQL, Azure Blob Storage, Azure App Services y Azure Logic Apps | J4: =IFERROR(__xludf.DUMMYFUNCTION("""COMPUTED_VALUE"""),"para desplegar aplicaciones básicas, considerando la configuración de redes, seguridad y escalabilidad.") -> para desplegar aplicaciones básicas, considerando la configuración de redes, seguridad y escalabilidad. | L4: =IFERROR(__xludf.DUMMYFUNCTION("""COMPUTED_VALUE"""),"Aplicar") -> Aplicar | V4: =IFERROR(__xludf.DUMMYFUNCTION("""COMPUTED_VALUE"""),3.0) -> 3 | W4: =IFERROR(__xludf.DUMMYFUNCTION("""COMPUTED_VALUE"""),"Demuestra pensamiento crítico, actitud investigativa y rigor analítico en el planteamiento y la resolución de problemas complejos.") -> Demuestra pensamiento crítico, actitud investigativa y rigor analítico en el planteamiento y la resolución de problemas complejos. | Y4: =IFERROR(__xludf.DUMMYFUNCTION("""COMPUTED_VALUE"""),3.0) -> 3 | Z4: =IFERROR(__xludf.DUMMYFUNCTION("""COMPUTED_VALUE"""),"Aplica conocimientos tecnológicos con ética profesional y respetando y cuidando los recursos naturales, humanos y financieros.") -> Aplica conocimientos tecnológicos con ética profesional y respetando y cuidando los recursos naturales, humanos y financieros.
A5: =IFERROR(__xludf.DUMMYFUNCTION("""COMPUTED_VALUE"""),"39 - Deportes 1") -> 39 - Deportes 1 | E5: =IFERROR(__xludf.DUMMYFUNCTION("""COMPUTED_VALUE"""),"Implementa servicios básicos de Cloud utilizando Amazon EC2, Amazon RDS, Amazon S3, Azure Virtual Machines, Azure SQL, Azure Blob Storage, Azure App Services y Azure Logic Apps para desplegar aplicaciones básicas, considerando la configuración de redes, s"&"eguridad y escalabilidad. ") -> Implementa servicios básicos de Cloud utilizando Amazon EC2, Amazon RDS, Amazon S3, Azure Virtual Machines, Azure SQL, Azure Blob Storage, Azure App Services y Azure Logic Apps para desplegar aplicaciones básicas, considerando la configuración de redes, seguridad y escalabilidad. | V5: =IFERROR(__xludf.DUMMYFUNCTION("""COMPUTED_VALUE"""),4.0) -> 4 | W5: =IFERROR(__xludf.DUMMYFUNCTION("""COMPUTED_VALUE"""),"Toma decisiones profesionales con base en fundamentos teóricos, datos e información pertinente, válida y confiable.") -> Toma decisiones profesionales con base en fundamentos teóricos, datos e información pertinente, válida y confiable. | Y5: =IFERROR(__xludf.DUMMYFUNCTION("""COMPUTED_VALUE"""),4.0) -> 4 | Z5: =IFERROR(__xludf.DUMMYFUNCTION("""COMPUTED_VALUE"""),"Maneja e Interpreta adecuadamente datos masivos, sean estos estructurados o no estructurados, facilitando su visualización e interpretación de forma eficaz en apoyo a la toma de decisiones.") -> Maneja e Interpreta adecuadamente datos masivos, sean estos estructurados o no estructurados, facilitando su visualización e interpretación de forma eficaz en apoyo a la toma de decisiones.
A6: =IFERROR(__xludf.DUMMYFUNCTION("""COMPUTED_VALUE"""),"6 - Idioma Tecnico 1") -> 6 - Idioma Tecnico 1 | D6: =IFERROR(__xludf.DUMMYFUNCTION("""COMPUTED_VALUE"""),3.0) -> 3 | E6: =IFERROR(__xludf.DUMMYFUNCTION("""COMPUTED_VALUE"""),"Especifica") -> Especifica | F6: =IFERROR(__xludf.DUMMYFUNCTION("""COMPUTED_VALUE"""),"Desarrolla") -> Desarrolla | G6: =IFERROR(__xludf.DUMMYFUNCTION("""COMPUTED_VALUE"""),"aplicaciones serverless simples") -> aplicaciones serverless simples | I6: =IFERROR(__xludf.DUMMYFUNCTION("""COMPUTED_VALUE"""),"utilizando AWS Lambda y Azure Functions") -> utilizando AWS Lambda y Azure Functions | J6: =IFERROR(__xludf.DUMMYFUNCTION("""COMPUTED_VALUE"""),"para procesar eventos y ejecutar la lógica de los negocios") -> para procesar eventos y ejecutar la lógica de los negocios | L6: =IFERROR(__xludf.DUMMYFUNCTION("""COMPUTED_VALUE"""),"Aplicar") -> Aplicar | V6: =IFERROR(__xludf.DUMMYFUNCTION("""COMPUTED_VALUE"""),5.0) -> 5 | W6: =IFERROR(__xludf.DUMMYFUNCTION("""COMPUTED_VALUE"""),"Demuestra destreza y habilidad en la selección, uso y adaptación de herramientas metodológicas, tecnológicas, equipos especializados y en la lectura e interpretación de datos, pertinentes al contexto de su ejercicio profesional.") -> Demuestra destreza y habilidad en la selección, uso y adaptación de herramientas metodológicas, tecnológicas, equipos especializados y en la lectura e interpretación de datos, pertinentes al contexto de su ejercicio profesional. | Y6: =IFERROR(__xludf.DUMMYFUNCTION("""COMPUTED_VALUE"""),5.0) -> 5 | Z6: =IFERROR(__xludf.DUMMYFUNCTION("""COMPUTED_VALUE"""),"Domina diversos recursos de comunicación con el objetivo de presentar adecuadamente sus propuestas a variados tipos de audiencias, en idioma español, inglés e idealmente en un tercer idioma acorde a las necesidades globales.") -> Domina diversos recursos de comunicación con el objetivo de presentar adecuadamente sus propuestas a variados tipos de audiencias, en idioma español, inglés e idealmente en un tercer idioma acorde a las necesidades globales.
A7: =IFERROR(__xludf.DUMMYFUNCTION("""COMPUTED_VALUE"""),"19 - Área Social Humanística 2") -> 19 - Área Social Humanística 2 | E7: =IFERROR(__xludf.DUMMYFUNCTION("""COMPUTED_VALUE"""),"Desarrolla aplicaciones serverless simples utilizando AWS Lambda y Azure Functions para procesar eventos y ejecutar la lógica de los negocios ") -> Desarrolla aplicaciones serverless simples utilizando AWS Lambda y Azure Functions para procesar eventos y ejecutar la lógica de los negocios | V7: =IFERROR(__xludf.DUMMYFUNCTION("""COMPUTED_VALUE"""),6.0) -> 6 | W7: =IFERROR(__xludf.DUMMYFUNCTION("""COMPUTED_VALUE"""),"Identifica sus necesidades de actualización, capacitación y formación, durante su proceso formativo y en el ejercicio profesional, y busca los medios para cubrirlas por medios formales e informales, nacionales e internacionales, presenciales y en línea"&".") -> Identifica sus necesidades de actualización, capacitación y formación, durante su proceso formativo y en el ejercicio profesional, y busca los medios para cubrirlas por medios formales e informales, nacionales e internacionales, presenciales y en línea. | Y7: =IFERROR(__xludf.DUMMYFUNCTION("""COMPUTED_VALUE"""),6.0) -> 6 | Z7: =IFERROR(__xludf.DUMMYFUNCTION("""COMPUTED_VALUE"""),"Construye soluciones integrales trabajando en forma colaborativa y propositiva en equipos interdisciplinarios, en forma presencial o utilizando plataformas virtuales.") -> Construye soluciones integrales trabajando en forma colaborativa y propositiva en equipos interdisciplinarios, en forma presencial o utilizando plataformas virtuales.
A8: =IFERROR(__xludf.DUMMYFUNCTION("""COMPUTED_VALUE"""),"103 - Área Matemática Básica 2") -> 103 - Área Matemática Básica 2 | D8: =IFERROR(__xludf.DUMMYFUNCTION("""COMPUTED_VALUE"""),4.0) -> 4 | E8: =IFERROR(__xludf.DUMMYFUNCTION("""COMPUTED_VALUE"""),"Especifica") -> Especifica | F8: =IFERROR(__xludf.DUMMYFUNCTION("""COMPUTED_VALUE"""),"Implementa") -> Implementa | G8: =IFERROR(__xludf.DUMMYFUNCTION("""COMPUTED_VALUE"""),"servicios de inteligencia artificial") -> servicios de inteligencia artificial | I8: =IFERROR(__xludf.DUMMYFUNCTION("""COMPUTED_VALUE"""),"utilizando IA de AWS y Azure Cognitive Services") -> utilizando IA de AWS y Azure Cognitive Services | J8: =IFERROR(__xludf.DUMMYFUNCTION("""COMPUTED_VALUE"""),"para resolver problemas de lenguaje natrual, análisis de imagenes o chabots.") -> para resolver problemas de lenguaje natrual, análisis de imagenes o chabots. | L8: =IFERROR(__xludf.DUMMYFUNCTION("""COMPUTED_VALUE"""),"Crear") -> Crear | V8: =IFERROR(__xludf.DUMMYFUNCTION("""COMPUTED_VALUE"""),7.0) -> 7 | W8: =IFERROR(__xludf.DUMMYFUNCTION("""COMPUTED_VALUE"""),"Comunica a diversos públicos, información de su campo profesional, en varios lenguajes y formatos de manera asertiva, clara, rigurosa y precisa, con el uso apropiado de recursos tecnológicos.") -> Comunica a diversos públicos, información de su campo profesional, en varios lenguajes y formatos de manera asertiva, clara, rigurosa y precisa, con el uso apropiado de recursos tecnológicos. | Y8: =IFERROR(__xludf.DUMMYFUNCTION("""COMPUTED_VALUE"""),7.0) -> 7 | Z8: =IFERROR(__xludf.DUMMYFUNCTION("""COMPUTED_VALUE"""),"Actualiza permanente sus conocimientos relacionados con TIC en general, apoyándose en las estrategias de aprendizaje apropiadas.") -> Actualiza permanente sus conocimientos relacionados con TIC en general, apoyándose en las estrategias de aprendizaje apropiadas.
A9: =IFERROR(__xludf.DUMMYFUNCTION("""COMPUTED_VALUE"""),"960 - Matemática Para Computación 1") -> 960 - Matemática Para Computación 1 | E9: =IFERROR(__xludf.DUMMYFUNCTION("""COMPUTED_VALUE"""),"Implementa servicios de inteligencia artificial utilizando IA de AWS y Azure Cognitive Services para resolver problemas de lenguaje natrual, análisis de imagenes o chabots. ") -> Implementa servicios de inteligencia artificial utilizando IA de AWS y Azure Cognitive Services para resolver problemas de lenguaje natrual, análisis de imagenes o chabots. | V9: =IFERROR(__xludf.DUMMYFUNCTION("""COMPUTED_VALUE"""),8.0) -> 8 | W9: =IFERROR(__xludf.DUMMYFUNCTION("""COMPUTED_VALUE"""),"Se comunica correctamente en su lengua oficial y utiliza una lengua extranjera con el dominio requerido para el ejercicio de su profesión.") -> Se comunica correctamente en su lengua oficial y utiliza una lengua extranjera con el dominio requerido para el ejercicio de su profesión.
A10: =IFERROR(__xludf.DUMMYFUNCTION("""COMPUTED_VALUE"""),"147 - Física Básica") -> 147 - Física Básica | D10: =IFERROR(__xludf.DUMMYFUNCTION("""COMPUTED_VALUE"""),5.0) -> 5 | E10: =IFERROR(__xludf.DUMMYFUNCTION("""COMPUTED_VALUE"""),"Especifica") -> Especifica | F10: =IFERROR(__xludf.DUMMYFUNCTION("""COMPUTED_VALUE"""),"Desarrolla") -> Desarrolla | G10: =IFERROR(__xludf.DUMMYFUNCTION("""COMPUTED_VALUE"""),"aplicaciones low-code") -> aplicaciones low-code | I10: =IFERROR(__xludf.DUMMYFUNCTION("""COMPUTED_VALUE"""),"utilizando Power Automate y Power appas") -> utilizando Power Automate y Power appas | J10: =IFERROR(__xludf.DUMMYFUNCTION("""COMPUTED_VALUE"""),"para integrar sistemas, flujos de trabajo y datos.") -> para integrar sistemas, flujos de trabajo y datos. | L10: =IFERROR(__xludf.DUMMYFUNCTION("""COMPUTED_VALUE"""),"Aplicar") -> Aplicar | V10: =IFERROR(__xludf.DUMMYFUNCTION("""COMPUTED_VALUE"""),9.0) -> 9 | W10: =IFERROR(__xludf.DUMMYFUNCTION("""COMPUTED_VALUE"""),"Lidera y colabora proactivamente en equipos de trabajo y en comunidades profesionales para el logro de objetivos y mejoramiento de la calidad de vida.") -> Lidera y colabora proactivamente en equipos de trabajo y en comunidades profesionales para el logro de objetivos y mejoramiento de la calidad de vida.
A11: =IFERROR(__xludf.DUMMYFUNCTION("""COMPUTED_VALUE"""),"40 - Deportes 2") -> 40 - Deportes 2 | E11: =IFERROR(__xludf.DUMMYFUNCTION("""COMPUTED_VALUE"""),"Desarrolla aplicaciones low-code utilizando Power Automate y Power appas para integrar sistemas, flujos de trabajo y datos. ") -> Desarrolla aplicaciones low-code utilizando Power Automate y Power appas para integrar sistemas, flujos de trabajo y datos.
A12: =IFERROR(__xludf.DUMMYFUNCTION("""COMPUTED_VALUE"""),"8 - Idioma Técnico 2") -> 8 - Idioma Técnico 2 | D12: =IFERROR(__xludf.DUMMYFUNCTION("""COMPUTED_VALUE"""),6.0) -> 6 | E12: =IFERROR(__xludf.DUMMYFUNCTION("""COMPUTED_VALUE"""),"Especifica") -> Especifica | F12: =IFERROR(__xludf.DUMMYFUNCTION("""COMPUTED_VALUE"""),"Empaqueta") -> Empaqueta | G12: =IFERROR(__xludf.DUMMYFUNCTION("""COMPUTED_VALUE"""),"aplicaciones en contenedores") -> aplicaciones en contenedores | I12: =IFERROR(__xludf.DUMMYFUNCTION("""COMPUTED_VALUE"""),"utilizando Docker") -> utilizando Docker | J12: =IFERROR(__xludf.DUMMYFUNCTION("""COMPUTED_VALUE"""),"para garantizar portabilidad y consistencia entre entornos de desarrollo, pruebas y producción.") -> para garantizar portabilidad y consistencia entre entornos de desarrollo, pruebas y producción. | L12: =IFERROR(__xludf.DUMMYFUNCTION("""COMPUTED_VALUE"""),"Aplicar") -> Aplicar
A13: =IFERROR(__xludf.DUMMYFUNCTION("""COMPUTED_VALUE"""),"795 - Logica de Sitemas") -> 795 - Logica de Sitemas | B13: =IFERROR(__xludf.DUMMYFUNCTION("""COMPUTED_VALUE"""),"1tGblVNcAY7QU_u00ZUgf5GJjDZOK39vXt9FvZeMfPKg") -> 1tGblVNcAY7QU_u00ZUgf5GJjDZOK39vXt9FvZeMfPKg | C13: =IFERROR(__xludf.DUMMYFUNCTION("""COMPUTED_VALUE"""),"1olpUmnSmvTLYIIWFmjmPX_CYPTPOprpPEwh7xMvm2WM") -> 1olpUmnSmvTLYIIWFmjmPX_CYPTPOprpPEwh7xMvm2WM | E13: =IFERROR(__xludf.DUMMYFUNCTION("""COMPUTED_VALUE"""),"Empaqueta aplicaciones en contenedores utilizando Docker para garantizar portabilidad y consistencia entre entornos de desarrollo, pruebas y producción. ") -> Empaqueta aplicaciones en contenedores utilizando Docker para garantizar portabilidad y consistencia entre entornos de desarrollo, pruebas y producción.
A14: =IFERROR(__xludf.DUMMYFUNCTION("""COMPUTED_VALUE"""),"962 - Matemática Para Computación 2") -> 962 - Matemática Para Computación 2 | D14: =IFERROR(__xludf.DUMMYFUNCTION("""COMPUTED_VALUE"""),7.0) -> 7 | E14: =IFERROR(__xludf.DUMMYFUNCTION("""COMPUTED_VALUE"""),"General") -> General | F14: =IFERROR(__xludf.DUMMYFUNCTION("""COMPUTED_VALUE"""),"Aplica") -> Aplica | G14: =IFERROR(__xludf.DUMMYFUNCTION("""COMPUTED_VALUE"""),"principios básicos de ingeniería") -> principios básicos de ingeniería | I14: =IFERROR(__xludf.DUMMYFUNCTION("""COMPUTED_VALUE"""),"a través de conceptos de Cloud Computing") -> a través de conceptos de Cloud Computing | J14: =IFERROR(__xludf.DUMMYFUNCTION("""COMPUTED_VALUE"""),"para el desarrollo de aplicaciones básicas") -> para el desarrollo de aplicaciones básicas | L14: =IFERROR(__xludf.DUMMYFUNCTION("""COMPUTED_VALUE"""),"Aplicar") -> Aplicar
A15: =IFERROR(__xludf.DUMMYFUNCTION("""COMPUTED_VALUE"""),"770 - Introducción a ala programación y computación 1") -> 770 - Introducción a ala programación y computación 1 | B15: =IFERROR(__xludf.DUMMYFUNCTION("""COMPUTED_VALUE"""),"1hnCz3e7R539DMJA_6KBromYXyQWjR5cbX4eUFYyZB78") -> 1hnCz3e7R539DMJA_6KBromYXyQWjR5cbX4eUFYyZB78 | C15: =IFERROR(__xludf.DUMMYFUNCTION("""COMPUTED_VALUE"""),"13K0AQ2QyRJmkDL_B9YKTYVy3OKQyLCIBTe0sAqstrFI") -> 13K0AQ2QyRJmkDL_B9YKTYVy3OKQyLCIBTe0sAqstrFI | E15: =IFERROR(__xludf.DUMMYFUNCTION("""COMPUTED_VALUE"""),"Aplica principios básicos de ingeniería a través de conceptos de Cloud Computing para el desarrollo de aplicaciones básicas ") -> Aplica principios básicos de ingeniería a través de conceptos de Cloud Computing para el desarrollo de aplicaciones básicas
A16: =IFERROR(__xludf.DUMMYFUNCTION("""COMPUTED_VALUE"""),"107 - Área Matemática Intermedia 1") -> 107 - Área Matemática Intermedia 1
A17: =IFERROR(__xludf.DUMMYFUNCTION("""COMPUTED_VALUE"""),"150 - Fisica 1") -> 150 - Fisica 1
A18: =IFERROR(__xludf.DUMMYFUNCTION("""COMPUTED_VALUE"""),"1 - Ética Profesional") -> 1 - Ética Profesional
A19: =IFERROR(__xludf.DUMMYFUNCTION("""COMPUTED_VALUE"""),"9 - Idioma Técnico 3") -> 9 - Idioma Técnico 3
A20: =IFERROR(__xludf.DUMMYFUNCTION("""COMPUTED_VALUE"""),"796 - Lenguajes Formales y de Programación") -> 796 - Lenguajes Formales y de Programación | B20: =IFERROR(__xludf.DUMMYFUNCTION("""COMPUTED_VALUE"""),"1-dPQ2ZCWWgBi4gyaV8KmnDWxF063I-zfJutKPMwJjrw") -> 1-dPQ2ZCWWgBi4gyaV8KmnDWxF063I-zfJutKPMwJjrw | C20: =IFERROR(__xludf.DUMMYFUNCTION("""COMPUTED_VALUE"""),"14p5IrzE6q20i9mtWRrbgJgIQTyfVIS4RiO1JbrFY3Ng") -> 14p5IrzE6q20i9mtWRrbgJgIQTyfVIS4RiO1JbrFY3Ng
